name,id
Aatimad ZAHIDI,99b69393-fe8a-4e56-9e21-cc4abf9442c3
Abdallah ABERNI,19a12909-5a54-4bd1-8a81-64793c4a6e99
Abdallah ELBAKKALI,bfa30b68-f455-4d99-8776-0834ae782908
Abdallah HINTI,e096a150-0e74-4bf9-9011-3c98295f6f6b
Abdallah OUBARI,b93c4bdd-b7b3-4062-933d-e3222eee7f52
Abdallah OUBARKA,e8e9c071-2475-42f2-b5f4-93ccea005970
Abdelaaziz AFTATI,f7a30a96-83dd-427b-a02f-3ed66e408479
Abdelali ABDELMOULA,0c20837f-b71d-4b83-8718-2d3932906017
Abdelali BEN RABIA,83b1b1fc-76d7-43d1-83cb-5fc3c68397b4
Abdelali DOUMOU,8b47ae51-d2ad-4c44-8491-bf34e18b797a
Abdelali Mohammed HILALI,7117ddf4-b828-4b5d-a26e-189ced42c744
Abdelaziz Aba,594b092b-268d-40ea-8bbb-8529934f312e
Abdelaziz El Ayed,15dc6cee-2583-4502-8b57-ecd6d5c3cefd
Abdelaziz Elomari,b73ed87a-2699-496e-8f02-0057b922742f
Abdelaziz Kouskous,ae80900f-eecc-43ef-ac82-f41d4b430ab8
Abdelaziz LAABOUDI,3976d3a7-c101-4284-8a85-e1a82371d17a
Abdelaziz LACHEHAB,18d8ad74-3689-4790-9501-34a858508127
Abdelaziz Ouadki,1d02462d-8e64-4848-bd4a-5273c89290a8
Abdelfattah El Aouni,060ce5c1-79bb-48cd-aca4-4a89d3311f33
Abdelfettah Ahl Elmekki,2073be5a-0855-405e-b05f-2c809dab6101
Abdelghafour AHRARAD,e0e80fef-95a6-4e2f-94f7-2e4aca19199d
Abdelghani JANAAH,770aa8cb-6ff5-43e1-a26a-8097ac06a3a8
Abdelghni Janah,2f7bd264-f316-452d-805c-0e9f5a0f70c5
Abdelghni Mekhdad,8783aa62-01a9-47d1-8591-7000e140d760
Abdelhadi Chrika,96c82bb5-272c-4c69-a8a5-f029c03810fd
Abdelhadi KHAIRAT,c0262937-dbcf-4c27-baba-5afe0ce8606d
Abdelhak AMGHAR,a7001432-211e-4fe9-86cf-6d16238363ec
Abdelhak CHAFIK,80cdbd91-c9f2-47f8-822e-f3c5ebf86430
Abdelhak Chafik,af180e87-af33-4b20-9e0b-9f006f131f9c
Abdelhak ENNAJHI,58f595a7-6b8a-45e6-972d-b9cb807f05a5
Abdelhak ENNAJI,9629d2e3-fada-469a-b284-5db0b0301d48
Abdelhak GASSAR,ddde7f11-d548-47d6-8491-2e06bda19ac0
Abdelhakim El Ahmadi,184407a6-8e87-4923-b118-52e342f7ab36
Abdelhakim SOUJDA,bc14b387-66e6-4006-bef8-a84e95dba8e4
Abdelhalim ALLAOUI,1b4bdfd4-f931-429f-9d12-53b7cc2a7b33
Abdelhamid Chabat,6f4b7dfe-f402-412a-9be7-21fec52614ac
Abdeljalil Meskine,5eef7431-7afc-4745-8203-e0c1b7d32d8c
Abdelkader Amara,f708616d-bf17-4be4-bda4-02db8ed0afdf
Abdelkader Boudraa,485cc4db-010b-4f29-bc6a-b61690084fd7
Abdelkader Hadori,1c4ad031-f731-4358-afec-e15d2044c56f
Abdelkader KANDIL,e96e7f7c-03f2-496b-b61c-1fc4000d786b
Abdelkader Lebriki,0f6ffc13-d985-42d5-9258-f143be5067dc
Abdelkader TATTOU,ab5fd9d6-eb8c-487b-8ae2-809ba0336834
Abdelkader YAHI,2a9f1d39-bb18-4b9c-a7d6-fea88b273e10
Abdelkarim CHOUKRI,e9083f2b-f35f-4423-b380-820d409f26a8
Abdelkhalak QUARROUTI,a7c87f57-95ed-4ea3-8e63-b24c2260db36
Abdelkhaled Elbasri,8b21f987-de46-4dbb-a073-e2808cd8dc59
Abdelkrim LABRIGUI,8e21193d-0396-48fa-9f45-c351b98474b7
Abdelkrim NEMMAOUI,0a45bf0c-a496-4dab-a0c6-db430f278c07
Abdellah ABDELLAOUI,47641d95-7175-483c-a9bb-d3dff8fb1082
Abdellah ABOUFARIS,4824fe23-361f-4963-b052-96455d52141e
Abdellah AIT CHAIB,3bff8e2d-6349-4f57-8fc4-6cfd480ff740
Abdellah AKFAS,e9073af9-5559-46b7-a8d5-95cad6fa2db3
Abdellah Alaoui,c710da22-cc48-4639-a85d-46969f986915
Abdellah BAILLAT,888d2616-079e-47ea-925c-5379dce64d9d
Abdellah BENHAMMOU,959e1a76-956c-4c03-a9e0-3fd2ba079f2a
Abdellah BOUANOU,7735f772-e340-4da5-a3a0-d078ae5d97b0
Abdellah DRISSI ELBOUZIDI,f93ed4a4-0323-4623-b676-bf99d5d6477e
Abdellah EL BOUKILI,e408c7b4-2762-42a3-8c95-44657a700903
Abdellah Ghazi,c98887af-f2bd-4733-9f99-c76f50a60880
Abdellah Hamel,2e652a8a-96bb-4ab1-8489-56acf2936036
Abdellah Hennaoui,8fbbf9bf-75c4-4af6-8498-f94653adbf19
Abdellah Messoudi,e1acf802-52e0-4af7-b63e-660d4e162a66
Abdellah MOUSSA,17b5d44d-b6f9-4061-9408-91237d821258
Abdellah Ouberka,32c47249-65f2-402b-8c20-21c65e4b2618
Abdellah OUEKKAK,b3504124-819b-4711-9ef1-a1c784ff6992
Abdellah SARHIRI,797cd950-54bb-421e-93f8-6a7b41aba82c
Abdellahi EDDABADDA,94e8d19e-c86d-4ca1-a1e0-37108755ec41
Abdellatif BENYAKOUB,d7d4ac2e-4729-4851-98ec-cc5e1f7bc57e
Abdellatif BERROHO,9225fab7-257c-4c64-963c-f6f88e1229e6
Abdellatif Elaaidi,619895ae-80cb-4787-82c3-9e44d5ccc258
Abdellatif Fouiqer,39187efc-f924-4559-8ef7-86107dfd3cb0
Abdellatif HARCHICH,4b1fad73-d1ea-4179-bdd6-6e4a709e1ba2
Abdellatif Mirdass,6091a47d-fa72-44c3-a36a-48fc946f0ab0
Abdellatif NACIRI,13ea6806-6276-4924-bdfd-494e7913db05
Abdellatif OUAHBI,f4d5c937-d6d4-47b7-90b3-3ba12f2f71d5
Abdellatif RACHID,0733eb95-dd89-432f-acce-25553770f6fc
Abdellatif Zaim,64dbe088-00c7-49b6-a279-8d0d7a0e5916
Abdelmajid AIT LAADILA,0048f176-9bc9-45c9-a8d6-d338fe692557
Abdelmajid JOUBIJ,188c1199-96e0-49c4-b8ec-22b6727d4da6
Abdelmalek BEKKAOUI,32fecc5f-5a23-45a9-b13f-d7e84c789a21
Abdelmjid Fassi,e26e793a-c505-41ab-ab56-50ece8cb8577
Abdelouahab RAJI,80db060e-1bbb-4af9-b160-4736d83873ce
Abdelouahed Bouhercha,2cd8b5d6-b0c7-4132-af87-1419fc96556a
Abdelouahed CHAT,cbd9b922-d862-4dee-9ef5-34cd28e4b970
Abdelouahed ELANSARI,b0ac4e07-d29c-48cb-bb6c-4d3a4191c93a
Abdelouahed Messaoudi,d4bd86d8-c18f-49ec-8419-a581c097a89a
Abdelwahed RADI,a47c4ea3-585c-4d0d-811b-a97cdaa8043c
Abdennabi BIOUI,93579be1-04e4-4f3f-a837-d9b6cb38ec10
Abderahmane Harfi,67be38ad-b5c5-47b5-901d-f8fddbbf11d7
Abderahmane Omari,3030a05a-565a-42ed-bf4f-b7195545f655
Abderrahim Atmoun,87b885d0-4a59-417f-a6b6-5428fb0f0329
Abderrahim Elkerraa,fb0eae12-a802-48de-bdba-adc75fee23e7
Abderrahim MOUSSAIF,045175e9-b6b2-4896-af67-4a4d5ed92a3c
Abderrahim Ouaamar,9e18f2d4-28ab-44d8-9048-c602ce66c90d
Abderrahman FEDDOULE,2f988138-018d-4390-83c9-383f2601a2bc
Abderrahman RAHIMI,5f08349d-8daf-4b45-a5c8-3004841eb168
Abderrahmane KARRAT,07a1e85a-865a-4ecd-b119-334e652487ec
Abderrahmane KHAYR,fb449bf8-6b41-4cab-915f-14f783e0f521
Abderrahmane NOURDINE,1fa3731d-7a7c-4fc0-96d4-f213737c49d5
Abderrahmane RABEH,088d2ab3-3bcb-4147-b547-96852dd6e82f
Abderrazzak Nait Idbou,13be9f2b-03e3-415e-bf80-672d4c9c9233
Abderrazzak Ourzazi,682d4f8b-89cb-40d1-b761-8385b50fe013
Abdeslam BALLAJI,e91bc820-4710-4c70-b195-7a3ca4b8b338
Abdeslam SOUSSI,2c07d9a5-22d1-4d10-9d43-863cdce39bf6
Abdessamad AGUEDACH,517069f2-25f4-4825-abea-00ff4f7cd039
Abdessamad Archane,c5b2be82-a61f-4b68-95a4-357d88924a5d
Abdessamad HAIKER,8187db11-fcf2-4bd4-82fe-e633f70ea3ba
Abdessamad IDRISSI,35969be1-d796-4bf1-ad38-b6cf0405c00c
Abdesslam Bakouri,eb7a6dac-543e-4c83-928f-9e02be0dc997
Abdülvahit Radi,a47c4ea3-585c-4d0d-811b-a97cdaa8043c
Abkader ELKIHAL,9ac958a6-30ce-48ec-b699-e06a917fb7a7
Abla Bouzekri,10558709-e62c-494e-8bac-ff1582574e8e
Abouzaid EL MOKRIE EL IDRISSI,2e1552b3-bad7-4fc0-a03b-5e9ed95032f0
Addi Bouarfa,86d80aa5-de89-4db4-beb8-bb5f8841c3fe
Addi Khzou,96f73dc5-c783-4794-ab43-b8a01a6f61de
Adel KICHOUHI,ccd740c4-3493-406e-8047-25312220e2d9
Adil BENHAMZA,941ef502-b3a5-4351-b2d9-c22aab30c732
Adil Elbitar,5a0e363b-485b-43ac-aef1-85097ed16ffa
Adil ESSOUBAI,6a9f428a-fb24-49f2-afdd-d3a07d8999a7
Adil TCHIKITOU,fb1a4fa8-9e5d-4a00-b455-223b437b973b
Adnane BENABDALLAH,69619e1f-4a90-4858-9f79-efb1a221e58a
Ahmed ADERRAK,834482e8-b98b-4632-8a7b-5b6eef9504e1
Ahmed AITOUNA,8f6f0bcb-d330-4933-b874-a0974b0d637d
Ahmed BOUKHOBZA,69bef5df-f945-4dfc-b166-af1e46635448
Ahmed BRIJA,c8a9d8e9-e8e3-4a72-b998-e772ec743503
Ahmed Chaouki,02b54e15-d425-44c6-a9c0-c34efa953d97
Ahmed EL AAJILI,6a2f7555-412f-4d49-93f9-e1f5624c8505
Ahmed El Mehdi MEZOUARI,8843daa6-b645-418f-a7e0-3c9d1415b11a
Ahmed EL MOTASSADEQ,2631533f-5b63-4432-96d3-73639d84ad31
Ahmed Elghazoui,c1b22bda-edfb-45db-9d24-ff90993b0557
Ahmed Elhiqi,3ad11c33-bdbd-4260-8ce7-1b5e7565606f
Ahmed FADLI,80692ecf-06ea-4b4f-b17f-fb5b78fcc75e
Ahmed JENFI,a54109d8-6525-4011-9fd3-68dc65b8771a
Ahmed JODAR,c2d44aff-ff63-479e-a902-e4cbf04adcb2
Ahmed MOUFDI,3ccc1cb4-23d3-4386-aebc-980a158dcfb0
Ahmed Rachidi,5afefb20-1535-4255-b7f9-35d69d5506d6
Ahmed Reda CHAMI,56d277a3-0d79-4c14-8355-508636e95e99
Ahmed SADQI,c796c9ef-e3cf-4d62-bbbe-26da0deb3e31
Ahmed TOUHAMI,49c30e9e-c940-48b8-b5f4-dc577aa759d2
Ahmed Toumi,713302f3-1f09-412a-a908-021937f28240
Aicha Ait Heddou,3b50b380-eb7e-4f1d-9461-6ca8b50499ed
Aicha Farah,e854490c-1706-427c-90bf-8e8a17127ace
Aicha Idbouch,00fbd9f9-ef2f-4c1d-b15e-5f1195fb4de0
Aicha Leblaq,12a055fa-d7cc-4cbd-b168-85dc0c70eae4
Aicha LOUKHMAS,189f25bb-d069-48e4-8105-1f3f76ed40db
Aissa MKIKI,2e0d4381-f173-4088-9020-def77866d0f1
Ali Amniouel,e40b0e4f-574b-4f37-a053-402caa89897a
Ali EL YAZGHI,d5e9fb69-ec6c-4c8b-a810-58a3971dfa5b
Ali Jeghaoui,957fadf1-b1fe-43d8-af62-c23840e12aa1
Ali Kayyouh,3865ee80-bcb4-431c-803a-9629dfefc7e2
Ali KEBIRI,569619d2-0522-46bc-9c3e-f8e90b1d0ea6
Ali OUBASSOU,7fbdbda8-f9ac-447e-aadc-89a0f941442a
Ali Rezma,b5c252d5-dea2-45df-aaf6-02e2b4e98a7e
Allal Elamroui,2085b06c-c406-4f0a-ad94-8e6492cad89c
Amal Arbouch,0f183b56-6496-4e48-964a-383f4536f331
Amal Boukir,9d2053fa-6011-461f-9e86-58b72195688a
AMINA EL OMRANI EL IDRISSI,116550d5-dbb2-4c8e-9df2-e4c4f4200c1d
Amina Faouzi Zizi,2bc7e442-5988-4a68-8ba0-ee5ef8769983
Amina MAELAININE,2bfbf826-0414-43fe-9877-38b415ace4da
Amr Ouiddi,5efa1e5e-1749-4464-98fe-5848bc5de2bf
Arafat ATMOUN,a222b4aa-f2dd-4d28-bfdf-2279cc61a92d
Asmaa Chaabi,63b78b74-54a8-43c9-845a-a3ba6fcd25f3
ASMAA CHAABI,a9e91c88-4fc8-43be-aa14-593643916e15
Asmaa Ghlalou,c58b79d8-91d1-42d6-8e25-647c8107bf39
Asmaa Nacifi,58e9b6ce-bc18-4bf0-a1ee-aba500572dc4
Aziz BENBRAHIM,f9938aa3-594d-4075-bf2f-7f84b9e98567
Aziz DERMOUMI,f654ab37-52d6-4f24-9ba7-671d0d047303
Aziz EL GUERMAT,a84f2784-5c88-4275-afa9-51e1f70adf73
Aziz Lebbar,f47d0a1a-0876-4ecc-9536-0436d405cddb
Aziz Rebbah,bc0817ca-ed95-4cbe-9c19-c141ca4ccf51
Aziza Aba,71494aed-abda-490b-a4c0-8f8259a9a7a4
Aziza Cheggaf,481b3571-9905-42dc-929e-7dd9dd9bed43
Aziza EL KANDOUSSI,12dd1fc4-2097-417e-bbef-61269dc03c2c
Azzouha EL ARRAK,7b1d6b9b-d85e-4fdd-a567-1a9fcd00d74f
Bader TAHIRI,9ea74d29-505a-470c-9025-cddcde2a65c3
Badia Filali,2727c7b0-2ba8-49f0-bd3c-48dc85bd7822
Badr Touami,1eff48c8-4a47-499b-8c8b-9e5aaa60e34f
Bahloul RACHID,a0639856-e8e2-49d0-b0c3-53fa795cd429
Belaid ALOULLAL,be4b2cd4-fc4a-4098-8a86-b28d869f0601
Belassal CHAOUI,c8a0c4d3-3b87-4b95-b88f-fd7c7e14d4a4
Benacer KHARMOUCHI,140b6445-2778-40b0-be8d-2d202977b2c4
Bennacer HOUBAINE,2dd687ac-5145-4c60-8d03-b987661664f5
Bouabid Lbida,690e8771-c41b-4373-bd14-867a3ef7be1c
Bouamor TAGHOUAN,2bb2c29e-6fc5-4054-a832-ddfda9a52d47
Bouaza ROUKBI,4f2329d3-aa9e-41b4-9035-db00217b2632
Boubker BEN ZEROUAL,aeeccc67-0e24-4eca-98f1-24f24372ecdc
Bouchaib Ammar,2abc592e-fce4-4946-85f2-f9f759e153aa
BOUCHAIB NABIH,4b860e03-a6ec-4f3c-a5a4-5a3ffc3d81a2
Bouchra BARRIJAL,541559b6-685c-4f17-b314-6b4b0636b4b7
Bouchra ELMALIKI,0d917db1-b950-4eeb-9100-5895ee3ab3c3
Bouchta JAMAI,329ef385-3dd8-4f5d-90be-790b7ce81c64
Bouselham Eddich,93cd3276-56b1-4a72-b72c-c2f30f1e7291
Boutaina Karouri,da6a754e-b2f4-420b-b80f-ebbca9806f4e
Brahim Boughden,f2fecd27-03bc-43a2-b455-feb48da80ee8
Brahim CHKILI,75aecafe-fa16-4de5-9c60-4bcf0e128369
Brahim Chouiykh,7b451e53-64df-4658-929c-bb9c27be05b5
Brahim Daif,d80753e6-e6dd-4951-992c-072390291755
Brahim HASNAOUI,5dd9f750-e51e-4a42-ac6c-03a4c7e775a3
Brahim OUTOUKART,a4fbee1f-1c77-4520-8c2a-c53aa069addb
Chafik RACHADI,3c07b62e-68d1-448f-b1cb-fe6808dcd1c5
Cheikh Miyara,323794af-8cde-48e6-8c23-09d97e968084
Cheqran Imam,d967cd4f-d540-4f9b-a565-d3eca208c56a
Cherkaoui ROUDANI,31d5c5f5-f928-49a8-8fc5-6e38b8cdf3ce
Cherkaoui ZNAYDI,1d359af4-5093-420b-b8ff-e8e5e42413fe
Cherki Ghoulmi,a77b0636-3271-4ad4-82d0-34567e5c549c
Driss BOUTAHAR,c0f4f4fa-90bf-42af-a635-76b27550ff0f
Driss CHTIBI,c5a70f25-9cef-4340-a1f1-66fa93482453
Driss El Azami El Idrissi,fad1c93b-c898-4ac2-b118-b5d8cc7f9459
Driss Jeddi,55dc3eb8-7226-4301-9aef-250706cafa9a
Driss KACHAL,86977982-acdd-4317-8596-e235055dc38d
Driss Lachgar,4761f263-69ee-491d-bbdb-77e933966a53
Driss LACHGUAR,4761f263-69ee-491d-bbdb-77e933966a53
Driss Meskine,25509d4e-4aff-4740-bc89-cab87d44c786
Driss Ouqemni,5b07c785-4642-4c47-a414-32984481710d
DRISS REDOUANI,b704ff1b-3185-4f87-bb5b-1956fea57488
Driss SQALLI ADAOUI,7bfb3c80-cc4c-46a2-9f0a-31229dcc9be6
Driss TEMRI,6d36acdd-8b3b-456a-ac64-7e6acfa9f16a
el arbi chatouani,a6816a6b-5bdf-4960-aa14-027e190e3ce6
El Arbi Chatwani,69d53d99-9bb0-4186-8c1f-4415209f2858
EL Habib Houssaini,6c223a85-595a-4483-80ca-68f332d47b92
El houssaine KASSMI,e9e8da90-d5f6-49ed-a682-4f045e71235a
El Houssine OUDMINE,9e9f11ce-014a-45ad-b495-56813bbe2da7
El Mehdi EL ALAOUI,784c4af5-f7de-4c1f-9623-4846bb36eb85
El Mokhtar RACHDI,bba3ce82-6ba2-46d0-a6b6-f765c9cb07fa
El Yazid TAGHI,e49c711c-2cab-4909-b63c-81cf6ec57fea
Elfatmi Ramid,e381323f-3e87-41c7-895e-1bd42582ecc5
Elhabib EL BOUBEKRAOUI,9e8c5abb-af26-4803-adc0-98d8f12902f8
Elhoucine Azougagh,22b23a2b-1fd9-40f0-94fd-7b00f073278b
Elhoucine Bouzehay,9cea0685-b75c-4749-94a2-8de7b725ca22
Elhoucine Harich,3b7d2bd2-cdeb-4f8f-b626-6a30b3b8e4da
Elhoucine JAAYDER,ddd3c033-4e45-4e25-9bdf-eb43dd7df15c
Elhoussain BOUHSSINI,cb2e2190-3fee-4d92-b787-fba836e503e2
Elhoussiene OUHLISS,9bc67338-cbf1-4c2c-b019-23868f041334
Elhouçain RAHOUIA,d13f1655-6158-42f8-8825-27b52422fda5
Elkbir Qada,f59e6192-ffae-4ae1-91a1-14f1ea65e75f
Elmokhtar GHAMBOU,5974f00d-c8ea-44f6-b782-6bd7fd93db2d
Elmostafa EL MKHANTER,6373c5c2-6a11-464c-9cf8-cbe8143431f5
Elmostafa JABRANE,e1cb040d-9ba2-4d77-abeb-21e060995ad4
Errachid BEN DRIOUICH,3019407e-ba7d-4058-aa12-9b1b16c9b3db
Essaad Benzaroual,0654ffa5-60ec-4f44-8840-34ec99788be8
ESSABTI Mohemmed nacer,44afc58c-b618-4ed5-a6d4-e8fd1dbd3898
ESSABTI Nacer,a4237595-8267-4f7f-bb08-c1df666b1d6b
Essaid Ameskane,c07725b5-3b15-4ad2-89e4-65c872092d4d
Essaid Essadeq,d60c488d-6e58-4539-8d62-fd39802f901a
Essaid EZZAAZAA,8a29da70-1ee5-419c-8455-a7fe7428c972
Faiçal ZERHOUNI,8b5be918-5dd4-45ff-bebd-0cf6e1a50740
Faouzi Chaabi,39e4caf9-a5fb-4629-b418-65c54774f253
Farid HARFI,33d1c70a-bc04-4e07-b4a5-2624d6acae67
Farouk Tahiri,115f1e34-971a-4d3d-af8b-5c79fef10a5e
Fatiha BAKKALI,d26e665d-96d2-4652-bcaa-3f6f8b71982e
Fatiha Choubani,7fe570e7-00b4-4ddf-9482-2332166c2988
Fatiha LAYADI,9f3f9db7-2a90-449f-a45c-6217a6ec88e8
Fatiha MOUKNII,763feffc-21c3-4290-a5d8-604b7f138af9
Fatiha Sedas,d413abec-200d-4128-be8f-baf568c484b8
Fatima Ahl Takrour,bc475127-745d-4da4-8e1d-2091f590847c
Fatima CHAHOU,caaea259-9a3a-41a7-94c4-83e02360febe
Fatima DAAIF,546ed722-d9dd-49f9-b244-4e5c09097062
Fatima Ezzahra Bersat,44e7f246-c22d-44ff-814c-36cb1b122cc9
Fatima Ezzahra ELMANSOURI,f6f4f518-2a9a-4625-ad91-6384af473e41
Fatima Ezzahra Nazih,e8c04c7c-a997-4d4e-906c-f4660c77187b
Fatima GOUAIMA MAZZI,786e8b2d-4b34-4d12-904d-a14f0e46ef2c
Fatima Saadi,31a8363c-2dc9-4601-b9d7-95976f50ee7b
Fatima TARIK,a03cab30-ab9f-42a9-ac11-6fa95c2e7bd5
Fatima Toussi,81f36f13-01e9-4e3f-b4f1-18f3a90a96fc
Fatna ELKHIEL,4d24fcc7-7302-4133-b2ec-ff714bbf255a
Fouad DARKAOUI,9e804554-c15a-42a6-998e-b4d2af4b38f4
Fouad ELOMARI,55c55262-8588-4ff8-8bf9-29926e53ff3e
Fouad HAJIR,0dcc6a76-4ea6-4776-a0fc-952dad79d58d
Fouad LARHRIB,68d348b8-f5fa-4ffe-8ab4-6a448fde1078
Fouzia ELBAYED,f80b1502-337a-4ab8-b11e-1f13cd05b753
Gajmoula EBBI,2fa08e0e-5e04-4612-86ef-4adbe92df69e
Ghita Ait Ben Elmadani,1a88b7da-6e2a-4507-96fe-716f84b2d145
Ghita Badroun,eecdc880-b085-48bc-842b-abc96d9d9679
Ghita El Hatimi,17b638bc-d603-430d-92af-b110a5321d56
Ghizlane Merzouki,d33f0c1e-1f4a-4d7c-8e43-5ddce0c39bc4
Habib EL MALKI,6d21d77a-36bc-4eb0-9740-0d31ab5882fa
Hachem Amine Chafik,5c5cd524-addc-41c5-a073-c7238a59df26
Haddou Kassou,f8dd7697-012c-40d1-8638-be4bccab1bd6
Hafid ETTARABI,5c2c9a69-28d3-4878-a00e-6027fcdc9c2d
Hajar Elmaski,7ecee23d-bb3c-4b68-bc0e-b615d7c1480f
Hakima Bel Qsaoui,65949774-f86e-408b-8dbf-9a77aaaef6fd
Hakima FASLY,ad6c5d8e-8a65-477d-bb66-453ad1fe0aa1
Halim Fouad,e28ec2db-df0b-4520-bb13-756bd8708b24
Hamdi Ouaissi,009eda8c-6791-468b-88ea-8d1dbe8cb8db
Hamdi OUAISSI,36df2ee8-50cd-4e7f-b958-ea1e82435d76
Hamid CHABAT,6f4b7dfe-f402-412a-9be7-21fec52614ac
Hamid EL BAHJA,123881c4-c097-4831-ab31-010e374d00cb
Hamid Elaarchi,a01c5842-d0ca-436d-abe7-ddb50eedbaf0
Hamid Elbehja,e6dba490-0ced-4887-ba6d-f29109f629b2
Hamid IBRAHIMI,92b4ddb0-cbc6-4869-800c-88ff57007cc6
Hamid LAAKROUD,559b4e55-ed62-4e9b-933a-cc36bccbbb73
Hamid Ouahbi,91eb96e6-ebb9-4299-9bc4-7d9c833c1406
Hamza KANTAOUI,3eb45375-315d-40ea-85b5-75efd7adcbd6
Hamza Soufi,32053794-959e-4555-9f63-4570c58f6317
Hanane ABOULFATH,ffd607f8-db94-4cc6-9a40-b62b589d5be5
Hanane Rihab,b5af972a-0ef5-40cb-9397-d41c81ad0ca5
Hasna ABOUZAID,f19184a8-54f1-49f2-aa66-f07cdcfc2959
Hassan Adili,56de4a62-024b-4ffb-8efa-f7149e1de5dc
Hassan ARIF,9e9374cc-86dd-4385-aaf7-5e6240b21bc0
Hassan BENOMAR,4ea97c96-bba3-408e-b50f-f245207720a1
Hassan BOUHRIZ,c80efb3a-5eab-494c-807f-4a42c6d13a2b
Hassan CHAHBI,2368f4e1-abf3-431c-b2f8-af5119d523b0
Hassan EL FILALI,6db5984d-0815-4e8d-b165-cec6b41b1899
Hassan HARRIS,0c3a0f54-9a98-4dd9-aac3-9edcbf821ee9
Hassan LAGHCHIM,e60a5131-0d50-4a94-a933-72222b926332
Hassan Lanser,46404c9f-8005-4331-98e3-e995d076fa57
Hassan Oukacha,5f86b12f-6457-4c26-9dfa-55eb3ae185eb
Hassan TABI,a4a1f366-e075-4252-99b8-c750dd858613
Hassan TARIQ,3c4f4fb4-08b2-4df5-b34b-48c36d3abf78
Hassane BOUMCHITA,fddb10be-8192-4851-9e33-61614c0f7a78
Hayat Boufrachen,aba620fc-57f3-4888-a22f-93b71995178b
Hayat Elmechfoua,021dd12f-f63e-489c-ad62-a08f36596986
Hayat Skihil,eeec4b0e-09d3-4926-941a-310848c7c4bc
Hicham Harami,4e14e39b-238b-4158-a35d-fdc942bf5ab3
Hicham HARRAMI,d3e1ebcd-df76-4806-ad8a-a0082be6570c
Hicham Lemhajri,c7ec7cfc-eaf2-4e98-8e17-c5ae9c510dcb
Hicham SAANANE,dc58ea28-f81b-4874-bfbf-c757e2846f62
Hmad AIT BAHA,e86d1dc9-d564-439a-84ea-ca39ab792708
Ibrahim Mouhi,75a75482-4974-424e-8fd7-9f62a0a4fb5c
Ibtissam Azzaoui,7f5ac3a3-5184-4527-9ad9-a866b67b1c4b
Ibtissam Meras,4f0b3265-05b1-4020-bafd-9c7bbd0e62d6
Ichrak El Bouyesfi,048f7007-8cf6-47a1-8db2-30ae84bf4115
Idar Anjar,bb194005-8dd1-4248-a3f5-4cd0d491e6a6
Ilham OUALI,7a869617-6e3a-4f63-a380-f35aefe3b368
Imane Ben Rabiaa,c707a38e-c1e1-48d9-a896-3dafc4be91ee
Imane Yaacoubi,ee6e4fc1-d3b7-41ac-b0e5-5f0e727ffbbc
Ismail Bekkali,b549fd7b-2816-41e9-b63f-168ed05d30ff
Ismail Choukri,9b05c40f-c371-4937-9ca4-cdf3b542af01
Ismail Lemmaoui,5251607a-f79d-405c-9946-13e1f34ee87b
Jalila MORSLI,09c2e859-25b6-4e70-93a1-1a2c42275cde
Jamaa Moatassim,6094a0c5-d04c-4856-b630-175de6eb41fa
Jamal Benchekroun Krimi,2064498a-f309-442d-8f19-8be1064edfa5
Jamal MESSAOUDI,6f91a790-dbd4-409a-9145-99ebb49c0d46
Jamal STITOU,ce532de8-f9cc-4e88-b5c7-d9a03ed3bb10
Jamila AFIF,8a779cef-f74d-4cdc-8d22-1401ebdeee26
Jaouad Daouahi,4f7c91b4-f5a3-4f93-bd7c-b674dab84cff
Jaouad GHRIB,47341f99-faa0-42e8-85a4-c437a166b262
Jaouad Iraki,6af3f366-edce-4c1a-a166-8f7030548c2d
Jaouad Naciri,e3cb6181-acf7-443b-a8b2-095eec7ff352
Jouad HAMEDOUN,2a528bcb-6c9e-4721-a01a-fb63a472f5aa
Jtiou ELGHAZI,c2ad51f2-076e-4fe0-af14-2dfa8cd692f6
Kamal Abdel Fattah,35753498-3fdc-4eb6-94b4-ff3228c48c2f
Kamal El Omari,03cb9df3-f65d-4c79-857d-312a937d91cd
Kamal Laafou,ba7a1680-49e4-498f-b5d9-4a6134ae4404
Karim Chaoui,935b0d63-1188-41bd-be64-5ee97f4e657c
Karim GHELLAB,0fd97776-ae76-4876-b2e7-753b456a2482
Karim ZIADY,1b8b6e0b-a933-4c5a-990a-8db88d993565
Kenza ELGHALI,b2d7cf62-7900-4cfc-8084-33bb848177ff
Khadija BLADI,63e06008-cbaf-48ae-9313-222e2998c72c
Khadija Chami,d5129c56-8a6a-459b-9110-1c3324cdf5e0
Khadija Redouani,e308ebfe-f790-4bfa-bf74-2064265aa9ce
Khadija ROUISSI,419a8360-155f-498e-8c4f-3209c0a229af
Khadija YAMLLAHI,b2161879-2d3d-4771-acf3-7f5fad19da83
Khadija Ziyani,562a53e7-4ee9-4c0e-a9c0-3661572e834e
Khaled Chennaq,ae7bc646-7566-4c90-bd43-69959a5513b3
Khaled Mansouri,99967a9d-f515-4e69-bf4a-6662827b1c42
Khaled Tkoukin,5c5dcc12-cafa-4c5b-8aab-b26dab7cd16e
Khalid EL BOUKARAI,bde1438d-4afd-4ae7-bf8b-606522cba432
Khalid SBIA,487e7a62-c13c-477f-81ec-17a0fb816039
Khalifa SAIRI,67137a69-2c51-4661-9cf6-196cf8a5930d
Khalifi KDADRA,c00f46b9-b444-49e7-baab-0d32015e8102
Khalil ESSADIKI,98f2989c-78ff-49ee-aaab-a58fd978b8f5
Lahcen AITICHOU,04b44810-e26d-44d0-817f-8025e402de7c
Lahcen AMROUCH,e1c70563-41b7-4352-9058-4f2bd085302d
Lahcen BENOUARI,58eec1fc-e704-4449-aeda-e7a4d7f1a918
Lahcen Daoudi,a4802901-51fb-439c-ae35-e744056bcd38
Lahcen Haddad,8aa0f2e8-688a-4b8e-b82b-926eae405b4b
Lahcen Ouaari,db3f843c-5d68-4da4-bea2-f5070f256f25
Lahcen Sekkouri,53dbeeca-c0e5-486e-935e-446bdcb00077
Latifa El hamoud,a0fcd94b-5ba0-4db3-9373-fa5a905c8260
Leila Ahkim,33399f3e-5542-41cc-9842-9606feb50022
Lhoussain EL HANSALI,918e677a-4af4-4d5a-a260-fb05295152e0
Loubna AMHAIR,5e5e76f6-89e2-4358-9586-3b81faac503e
Loubna Elkohli,bc8f90ff-2b5b-4f7a-8b49-678f3048d00e
Loubna Tahiri,cd7615b4-2615-4341-98e0-b5abed376995
M'Kamaltou KAMAL,8176e302-a769-4137-9017-65bcd2632b98
Mahmoud Amri,031fcf74-cbf1-42d7-aa2c-75fb63627cd8
Majda Benarbia,d5da204c-22e0-4221-afa4-6885bbcc6a0d
Malika Khalil,4073acf0-6f54-4f67-9bf1-da0ac286ca91
Mansour LAMBARKI,e438eb87-f39e-46ca-9bce-667d8f69988f
Mbarek BOUAIDA,174be709-0e84-492a-a7bc-3ea02cdbd453
Mbarek TARMOUNIA,43045ecd-432e-4149-912e-14ab3192a7c4
Mbarka Safa,12cf352f-7d49-43bf-b502-f8d5a913c805
Mbarka TOUTOU,561e4369-623d-4b3d-b51a-8c516e57dd9a
Mehdi ABBAD,8898a809-17a1-4547-905b-e2373d9edb2b
Meriama Boujemaa,c54edc2a-b724-47ed-9c68-a6d4be7a322e
Meriem Alami,423ab20f-7bee-4f0e-b09a-0cf2d1769eaf
Meriem Ouahssat,f0fb8a8c-df0f-46bc-8bf9-136549c5e6ff
Meriem WALHAN,7459294b-f506-439c-9f50-16ad446c8f48
Mfeddel Tahiri,f6ed69db-1bc5-4c53-9ad9-c9003babfcdb
Mhamed EZZAHRAOUI,375cfc4e-be3c-495b-964b-a1ba15c8daca
MHamed LAASSAL,97d6e3d6-5acb-4bfc-9723-e781d8ab1f2f
Miloud Ait Hammou,f82c3021-b0af-4870-b4d6-c5df8d2d2392
Milouda HAZEB,9e867d4a-fe8f-4979-a491-a4cec10f273d
Mimouna Aftati,1e256049-87aa-4cda-9204-c26b19826571
Mimoune AMIRI,ec3733ad-718e-415e-a3f8-c296f8160fc0
Mina BOUHDOUD,5b93911c-17e5-4bfe-9224-3f21a062b9e0
Mina Talbi,8c7dfa98-dfe8-494a-8970-8fdc1177aa11
Mina ZNIBER,05765e84-de12-47b2-977d-db8a8bc80951
Moh REJDALI,4219cdd7-4695-4479-be1f-d7dbd59c480c
Moha IDMOUSSA,6917594f-402e-445f-a43a-06c9106c397a
Mohamed ABARKAN,41e76b4d-17ad-4d06-bf7e-0d1c3af046a1
Mohamed Abbou,5e234f01-b897-4876-8872-2ada88984a97
Mohamed ABOUDRAR,b26665a6-b8cd-4366-bdeb-bc012d18788d
Mohamed Ahouit,113ba56f-2221-488d-82ee-4715f7a686bf
Mohamed AHRARAD,bb1e3a14-9e32-470b-bec7-5cae89adea04
Mohamed Ajbil,f00bad3a-77f0-45fb-98f2-5dfb0e40c5de
Mohamed Amghar,d02503ef-e2d7-43a5-ac59-586648634d4c
Mohamed Amine HORMATOU ALLAH,db4d30c0-66d5-4d1f-8e8b-f98fac679e6e
Mohamed BAJALAT,51da4538-b189-4102-b24a-6742b45d1183
Mohamed Bekkaoui,eeb464ed-1756-42c2-a2df-7575d6b40d6d
Mohamed BELFKIH,2d510180-42bd-4579-9547-5acadf046f43
Mohamed Belhassan,265d4361-96ec-43ec-88b9-f8e1e98e185a
Mohamed Benatiya,59632e8f-f746-4226-add2-d1e2ef81904a
Mohamed Benjelloul,7f972a84-02e1-427d-ad22-645eb3d07ca4
Mohamed Bernichi,fc1ea29b-2a3a-449c-ab0d-5222d88f7523
Mohamed BOUCHNIF,1327b937-b627-4aa7-9183-b2dd14095266
Mohamed Boudes,9f8d5a84-b5b9-421e-af18-385bd67898bc
Mohamed BOUDRA,136e33d3-daa0-496e-be15-e6ddfaa473f6
Mohamed BOUGHELAM,c884ff64-b32c-4b91-8c48-c9a9e577f8a0
Mohamed BOUHDOUD,aca09c86-1271-427e-8af6-28b87f8e1e20
Mohamed Chrourou,cc5f2ad3-981b-4b30-ad4e-2787a3f5b842
Mohamed DIAZ,63be6208-f680-43f0-8bc9-41dc8586dd05
Mohamed Drissi,73f71a75-c7e8-40d1-affd-79cf373222b5
Mohamed EL AARAJ,8e588306-d09a-4160-a594-d40be7635eb5
Mohamed El Arbi AHNIN,05880d99-f327-40a5-98c9-d893ecfe8c82
Mohamed EL ATMANI,fecec294-f709-472c-a1ed-4cacc7f939da
Mohamed El Hilali,e570990b-09a2-466c-a165-1f0a9b1fd015
Mohamed EL MILAHI,cdb8ceb0-8e20-45ae-a9df-8ee9e7b55cbc
Mohamed Elamine Didi,aa6bd5f7-ab29-4386-b8ca-774fbc6a5058
Mohamed Elhabib Nazoumi,0a82bb9a-c6c7-46bc-a02f-19742e89c94d
Mohamed Elhafed,90b3a10d-5ec4-4943-87a1-f286ca2ea7ee
Mohamed Elharti,94c5e077-2b61-481c-a85c-5cf398520629
Mohamed Fadili,257b9d6d-cd42-4c52-9575-f513b6f00638
Mohamed Ghalem,14737c9f-3069-4d69-8696-4bf2a9a001cf
Mohamed GHAYI,9b1274c4-fb17-491a-8255-cf911f57009e
Mohamed HADDADI,0f89c2c2-042c-4020-874f-3e0e549cbc1b
Mohamed HAJJOUJI,fba208d6-8f08-40ee-90dc-21138af490a7
Mohamed Hamdaoui,9ccbb745-8eaf-43d7-bbe8-2b98ee4c6859
Mohamed HAMMANI,41f95f70-a505-4937-b2d0-e45b7ed1f2ab
Mohamed HANINE,41bd45dd-0993-43fc-871c-2261646980f2
Mohamed Hefiani,54a383f1-87c4-499b-bf6b-0ce184bef2c7
Mohamed Hejira,e99d79d9-4d63-4a84-b9e5-2b72b75fffe0
Mohamed Hemmouti,13f6ba85-7df7-474c-9829-11287624e5f9
Mohamed Ibrahimi,3335437b-a85e-497d-afc3-9365070c20be
Mohamed IDAOMAR,7baab791-c98e-4ab0-be1f-85c124967bc3
Mohamed JINNI,f55edb70-9cf7-4e51-9235-6ebf946e994a
Mohamed JOUDAR,082203bb-8f02-4ebe-b977-26f38f347f6f
Mohamed Karim,783bea2e-2ccd-48b0-a922-b986e7a62450
Mohamed KHAIRY,4fa40dea-9457-46ee-a706-2ca1d224e0a0
Mohamed Khayyi El Khamlichi,81eeb525-62d4-40e9-8f64-00d366b58d33
Mohamed Krimen,d30e0a19-2fa4-4279-8369-d1adc5e8c263
Mohamed LAARAKI,35c7cf92-7c6f-4da6-b3c6-c47903cd5b11
Mohamed LACHGAR,4be7015f-022a-4248-a386-6a25c199d163
Mohamed LAHMOUCH,13167ffc-c989-4003-80d9-a104b42f2184
Mohamed Larbi BELCAID,a30dc697-6c9e-4860-9a54-e33f1ec5cf5a
Mohamed Maayit,c828767e-491b-4bca-94f3-b56bb3386207
Mohamed MALAL,5c8e8a1e-1536-4af9-84a1-8ada8c922e21
Mohamed MEDHOUN,9eef68d0-4c5f-49c1-bf68-44d28b8733b4
Mohamed Mehdi BENSAID,98d584e5-2bdf-4683-bb11-67e9fd0da37c
Mohamed Mehdi KANSOUSSI,4e825823-25a5-47ac-913c-44f212a779ce
Mohamed Merzouk,d4dc9371-563a-4d26-a745-50c03c298c41
Mohamed MFADEL,5386fc66-0a19-476d-933c-3298385c2002
Mohamed MOSTAWI,db2b2ba5-49c9-495d-b1df-01c7ed16f84b
Mohamed Moubdi,296fec97-7f1a-4931-9cf1-0f4bdda446de
Mohamed Najib Boulif,85c12caf-9e5c-477a-9edc-ae62297ca65f
Mohamed NASSER,6d55c110-1eaf-40eb-9c8f-65166731f6ac
Mohamed OURRICHE,f9e1da36-e1e7-46b2-8754-82e5fcb0f9b3
Mohamed Ouzzine,3286995f-180a-4cda-b23d-cfdd79967885
Mohamed Qarrouq,808480ed-96fd-41f9-8590-4e71304baaca
Mohamed Reda BENKHALDOUN,368a4393-f3d6-4fa2-a87f-91ebae1ccd40
Mohamed SAADOUN,d652323a-4849-4d7e-847a-c8bb729f8b72
Mohamed SABHI,95d59c80-1e36-4cf4-be2d-512539c38d27
Mohamed Salem EL BAIHI,3675f8c6-1a0b-4cac-bb3c-c112b9abf320
Mohamed SAMLI,ec76725a-52f7-4153-8c26-40203a151538
Mohamed Seddiki,9dda938e-9109-43d8-8600-7c680baeb66d
Mohamed SIMOU,527ae599-12e7-473a-beac-f0f2154cf8ab
Mohamed SLIMANI,b8a08ad1-620d-4ecc-ae4f-af9363a67243
Mohamed Taouil,0e5e161d-40a1-4eba-ac3f-ee660b09e7e8
Mohamed Toufla,f4702b4a-0a8a-4ea1-ba14-06a7efe8eed8
Mohamed Touimi Benjelloun,6769482e-eb92-476c-834b-0be172c8bd94
Mohamed YATIM,6524c574-e264-4a40-98bb-828a90e1585a
Mohamed Youssef,f6184e44-308a-450d-9972-36d237883ad5
Mohamed Zakaria BENKIRAN,5984c632-7e2b-4557-be2f-59fd76b5ff92
Mohamed ZEKRANI,95d47089-1b1b-4b22-bb3a-08ed7d8071f4
Mohamed ZEMMOURI,b3c9b264-bd6f-4d92-9743-42611ac59cc2
Mohamed ZOUITENE,ca7b6062-9fa2-42eb-8b13-7c65d5d59fe9
Mohammed ABOU ELFARAJ,dc3ccf77-92f8-4e54-a3d4-ef2919fdde17
Mohammed AJDIA,faaabd71-2f33-45f9-a1c6-3d603b270e25
Mohammed AMAKRAZ,57391158-9ec2-4cc2-8bc9-02323b23d501
Mohammed AMEUR,78857788-57c2-406b-896e-6bce20c8045d
Mohammed BEN ABDESSADEQ,954867fc-bc00-467a-a1f5-2580a2565eb6
Mohammed BOUBAKR,19646c4e-3721-466b-86a0-c60cbadac65e
Mohammed CHROUROU,f6f56f01-db0f-40d7-b478-a906072c0db5
Mohammed EL MYRY,51d219e0-5913-44f4-b316-10d3cf5681da
Mohammed HILIA,03428aca-029d-4e96-bfea-9685728e4461
Mohammed Jamal BOUZIDI TIALI,40b2da5f-a9b7-41c1-8ef8-b7cf8bf33497
Mohammed Kamal LARAQUI,f05ccd25-4202-497d-930f-b65e7e66609d
Mohammed KARIME,e6c26564-f8db-4846-bb37-c0bec85478bf
Mohammed LAIDI,377641ac-fdd1-4357-a575-2361e22b21ce
Mohammed Najib AMMOR,8358216b-754e-4131-a61e-0cd05fa0ee1b
Mohammed SLASSI,b5fa3337-9f58-4b68-8518-ff23fdc9bc91
Mohammed TOUIMI BEN JELLOUN,422b9983-2008-4f0a-a5c9-b32d744f5d1b
Mohammed ZERDALI,a27e0401-6927-47c8-ad71-f2fcadb41785
Mohcine Moufdi,35fa3dcf-f9f0-42c1-a591-70383cb0c831
Mokhtar BENFAIDA,9711a0fb-04fc-44ab-9973-3acea85571c4
Mostafa BRAHIMI,34cba563-6aa8-4c3a-99fa-0a79ab2771a1
Mostapha EL JARI,47b46ae5-ff15-4d3b-8d11-ede151787841
Mouhssine CHAABI,b3fa7e89-19dd-4b1e-8d95-d8c6e5b463c6
Moulay Ahmed SNOUSSI,3bc853f8-83da-493e-92f6-113322e5b851
Moulay Elbachir Toba,f65ac508-81f3-4dc8-97c6-4560694ca6f4
Moulay Rachid SLIMANI,7ddd6c64-5d23-4349-9735-128749bd8e17
Mouloud AJEF,73fcc9e4-f9c1-47d5-9baf-d43eda89a55b
Mouloud ALOUAT,7073245d-6aa8-44e8-a534-5f867e3fb2fb
Mouloud BARGAYOU,24ca9717-67f6-4bca-b0e6-e6391b579020
Mouluod Mehria,e1a7ee2d-e367-4481-9ec1-a9f4489e4a9a
Mouna Achrit,5038c6fa-175d-478e-aad9-5a79f398ac6f
Mounayna Moudden,9e08ee32-059d-46a1-8fec-f6f0b545e13d
Mounia RHOULAM,8a216447-337a-47c0-b76c-ccf341487d00
Mounira Rahoui,9b709f60-6010-4034-8b14-032e81048594
Mourad LAGOURCH,820bcc98-a006-465a-8472-77e73fcb5c0a
Moussa EL RHALLADE,92ad87ef-09aa-41a5-af3f-77dcb3e8ef50
Mustapha Baytas,f0b36148-52fa-4afb-aa91-b1a08cf574bf
Mustapha Chennaoui,f52f4ac8-b6c9-4613-ab84-50a927f821b6
Mustapha EL GHAZOUI,4e9c5a75-3e4b-4bba-a0c4-3ab4db945b8f
Mustapha El Qori,70efb6b7-2b4e-45e9-b791-b1cc9d6ea467
Mustapha Elhaya,b47cdd80-ec26-4b52-a6d0-d9cfd90b906d
Mustapha Elkhalfi,97ae9a93-c910-405f-a791-52c53d50c03a
Mustapha Elkordi,416bb19d-3f92-437b-bd16-07f980b5de30
Mustapha ELOMARI,3ac863eb-27b0-408b-92ff-1413cac71d44
Mustapha HANINE,aad8051c-f320-4f9e-b049-8e64102ec865
Mustapha Ibrahimi,44d4132f-c26d-4f37-943b-c8091ae2016f
Mustapha MANSOURI,2474599c-74e1-4177-84fe-bec0f72c9ade
Mustapha Reddad,08899428-c5be-4aa4-a18f-6650cfc62ecc
Mustapha TADOUMANT,f79e8fb5-b136-4ba3-bbfe-8f9dc06f4613
Mustapha Toutou,447c32eb-d882-4ae2-988d-f409bf153138
Mustapha Ziti,9f80cd49-3091-431f-b833-c1fafa00b9b7
My Hamdi OULD ERRACHID,99478195-ea3b-417e-ba8e-9838cbf896f6
Nabil SABRI,49a861ba-83a6-46fb-aaee-1589fc18871c
Nabila BENOMAR,606dceef-be46-48e8-906c-95ddd9f02629
Nadia ALOUI,c3622877-45ec-4db2-a6d2-a2715d35abb9
Naima Bahich,748d5dd9-862b-459f-8f24-21dccbf56c79
Naima BENYAHIA,292f448c-81c7-48d0-84a7-6b973063d169
Naima BOUCHARAB,3fc63530-bd79-462e-b819-95b9084ff770
Naima FARRAH,f2c0e492-a4d9-4e31-abca-2e26420f085b
Naima RABBAA,965ccdd3-fa06-45f8-83c2-7976f5c96004
Naima Zidane,e1dabb3a-428a-4b29-9ec0-2cc5432c431b
Najia Lotfi,0be49593-224e-43f0-a647-e86d673c5ae5
Naoual Moutawakkil,5a43192d-7964-4bc8-ab31-85b603cf0d45
Naoufel Chabat,d7e534cf-1abe-40da-bd11-179a0cc35433
Naoufel Naciri,77c912d2-7394-4ceb-8c7d-1b66061a1ed6
Nezha EL OUAFI,c214ea4f-8d3b-4555-9580-bddcdfd89338
Nezha Elyazidi,1181f1e9-de2a-45c0-9e69-f6e18201b618
Nour-eddine EL BARKANI,c300f374-5416-4530-8a9d-44f60a9fe52b
Nourdin MOUDIAN,ec30ab56-06c1-4ad2-8962-4f0343c48f54
Nourdine EL BAYDI,e3b8e3c0-c6a7-4c63-9933-4545ae92d10e
Nourdine Herouchi,d356bb0c-78c5-4c91-98a6-95c0b616e38d
Nourdine Qchibel,26198937-53a8-43bd-b13c-7c781ea8f5f1
Noureddine EL AQAOUI,85814f7e-5833-43d3-962d-eb8e18292478
Noureddine LAZREK,8ddae2ea-63dc-448a-b172-be7a6b592e09
Noureddine RAFIK,9c2b2d20-0504-4e63-ae77-3f31113ff69f
Nourreddine EL BAIDI,56b5d69c-b943-4f8e-827c-a03509f56ed8
Nouzha SKALLI,cd5eaf78-9cae-4b8b-8d54-172f58f030db
Omar Abbassi,afc0b59a-a73e-4bc9-b6e1-eb8a8772072d
Omar Ahmine,4eca1f5e-aa10-4a08-91bb-eccbb122487e
Omar Balafrej,504bbd76-b701-428b-aa18-85e7e78b7fdd
Omar BNITTO,1c3d2d6a-14bf-406b-a425-ca66c583e0a3
Omar Boumriss,5cc47522-d9f7-4a87-b490-90b2dbdc906c
Omar FASSI FIHRI,6385a781-299b-4460-ac0e-386847fa6b5b
Omar HEJIRA,4bef2d51-8dee-4ec5-b191-10792cf4e3e2
Omar KERDOUDI,37918630-575a-41fd-9ba7-153ac8d32839
Omar KHAFIF,65d0edf2-fe20-43b6-a776-8d798d1fa465
Omar SENTISSI,4bde2084-8e35-4a26-bb0f-65cc185c6205
Omar ZAIM,05202ef6-5aac-4bc2-a54a-6ea8a18f9de6
Omar Zerrad,5c04b0d3-8384-4ecb-a5f4-a89907c9d54b
Ouadia BENABDELLAH,f2100e66-c176-4c53-a1a1-007a27eb5ba5
Ouafaa Elbekkali,6a03bc31-6da7-4c8c-bd54-a7474ff49653
Ouiam Mahrachi,d07d0838-eb68-4f54-9e3b-7347444c7c0e
Oum El Banin LAHLOU,8215ed67-161f-4e56-8f29-08087fd16e7c
Rabia TNAINCHI,d4b860b6-2f40-4a68-8e1b-7cada77621e1
Rachid ADNANE,ed441d31-b2d9-4eef-973b-8588aa8f833f
Rachid Ahandouch,c66eb79f-65df-409e-91d0-29d703c2ac24
Rachid EL ABDI,a61c6220-4078-4ddc-8e9b-bb8973497059
Rachid EL KABIL,ed3c8079-d241-4dec-9422-3d5454a312ed
Rachid Elfayeq,0002734f-ba66-4ccd-abe2-7edfa66fdc90
Rachid HAMOUNI,7cc2d758-e887-43c4-884e-bfac32b2ad80
Rachid ROUKBANE,61cc5976-50ce-4a4c-9fed-75e4c7e17341
Rachid TALBI ALAMI,b6cd37bc-7003-42e0-af4c-9b5f4110c427
Rachid TAMEK,4186adb9-dad5-4688-a21e-e47b6972adc2
Rachida BENMESAOUD,c67c53b4-b048-4332-9f43-ca3d82af5225
Rachida SMAILI,655ee3c5-0b3f-4dd8-b854-85d75a03f8e2
Rachida TAHRI,35aa9e63-1ffe-453c-a37e-83d9eb81fa6e
Rahal JBIYEL,e8697a76-9537-4a02-b6be-c0f37eb74bc6
Rahal NASSIRI,e6b4351d-2d43-4880-9f31-75d4dd00a8be
Rahhou EL HILAA,a2678e28-3970-49be-a97d-a774ab18fc41
Rahma TRITAH,09615422-4da3-43f3-a8a4-738237cdc2f4
Ramdane BOUACHRA,1ac65e96-c6ca-4e3d-a0c2-83d4202a1031
Reda Bougmazi,ecc1ad15-0c69-48b7-8313-d59b55848885
Redouane Ghanem,0638300d-c99f-44cb-89f0-c9b92e98fb4b
Redouane Mohaddab,ee063c71-8544-4b68-9596-bf1ac76daed1
Redouane Nouinou,79e6af79-74df-4e28-9d0f-939f4e7d9b64
Redouane ZIDI,323570c4-8b23-420e-a0ba-8e682af1d787
Rfia Mansouri,e5c63905-d59d-4b7e-9e12-9ca36cb54806
Rkia RAMID,f8e6470e-493a-4960-b6cb-c4b65c9c87f8
Rquiya EDDARHEM,6f21ca83-45d1-4136-b921-1912cbec2ef5
Saad HAZIM,60200f93-71aa-4521-b6a2-2aac00a1e2d3
Saada BOUSSIF,4d8b9f2e-e44f-4fcc-a636-3653ce3f5550
Saadeddine Othmani,021f2d6c-c79d-4b8b-8dda-a048da0850c8
SAADIA BEN EL AISSAOUYA,259a99e2-ec2a-48c5-a9fe-e73978161c14
Saadia Bensahli,176fa908-10b1-47a1-82c4-32a117d7c3ca
Saadia ZAKI,291c81d5-6ee3-4014-8f30-e672ccbd9603
Saadiya EL BAHI,9d4b39ae-08df-40e5-977f-653af30de260
Sabah BOUCHAM,ad960f4d-474b-41ce-8faf-7cb324f77421
Sabah EL MANSOURI,61399b9d-2510-47cf-96e5-3e5642770d81
Saber KIAF,2dca02c7-39a2-4d28-8ba7-f95c062af168
Said BAAZIZ,5ca33f7e-b61f-42a6-b5b1-b2f803511835
Said BENHMIDA,697882ff-4d1a-412f-bde7-76795d3c15ce
Said BLILI,55438436-f779-4cde-9bcd-a4d3f7869e9f
Said Chbaatou,fe681346-28cd-4484-9943-8cc3fcbd6756
Said CHBAATTOU,3c884977-f767-4b52-b49a-5567c8f24ae0
Said Dor,3789b043-da19-4604-bb7a-f1073fa26c44
Said DOR,9f7bae9d-3a27-4b08-a27e-826374f11d53
Said Idbaali,b7372ae6-d198-4021-8929-b6e3e0083d0a
Said KHAIROUN,68ca4d59-b1a2-480b-87c8-fad04939e178
Said NACIRI,0e4be965-83ce-4a26-a835-bc1977df8e95
Said Nmili,26a435ae-b67f-48db-925b-f613458f6e6b
Said Rahmouni,c7fd0ce0-f215-4606-a5f3-aced0e61ef93
Said REDDAD,e387448d-41d8-4239-b4eb-3225dc8d0984
Said Tadlaoui,66fb0dd7-4d70-4e15-9eeb-ed5983f85c71
Saida Ait Bouali,525af82d-c665-4fa1-bcde-633bd8ee8a8d
Saida CHAKER METALSSI,2022f5ae-b029-459a-97d2-5ae2a17562e1
Salaheddine ABOULGHALI,7a18f689-5a91-41f2-903f-de62edccf1dc
Saleh Elmaloulki,35c3ff34-9ee6-4e0a-a7b5-d1dd9bb2295e
Saleh Oughbal,bf7a191e-4fd0-4a17-bb0e-5dde0d3d39ba
Salek BOLON,a72a906a-6fb9-456d-a88c-ae7a903786e2
Salima FARAJI,db143d55-083c-4dae-a2af-0a251dea462f
Samir Abdelmoula,a3190908-6432-4ba2-8420-04d1c42e2355
Samir BELFKIH,98af4a42-807c-4ac1-8855-c00b4143b4ea
Samira KASIMI,00c95a30-9be8-4c76-aafa-6f77a6a6d246
Saâdia ALAMI BYNANI,2c552055-a67b-4441-b95a-b8e9a87107d2
Sidi Brahim EL JOUMANI,87626c7f-7e6a-44f5-afb3-d8447557014a
Sidi Brahim KHAYA,d2d9eff5-005f-43f1-aa0f-77663f37c558
Sidi Hammad CHEIGUER,3b7531d9-e5cc-4fad-9f93-c6bcfb6003ed
Sidi Hassan Behraoui,dc5e4073-5d8a-4e96-b592-9379dccaad8c
Sidi Mohammed EL JOUMANI,34f022cd-f136-4f0c-b183-6e99b6486b29
Slimane EL OMRANI,aaa2b2f2-1d9c-44df-a481-9f5a154bb429
Souad BOULAICH EL HAJRAOUI,cc30b148-ee6c-4e9b-b3ea-366a1f61afee
Souad CHIKHI,af325f70-088b-4ba2-81b0-e1e99471f15f
Souad Lomari,49dfb070-d50e-476c-a1fd-efbcbf85ec86
Souad Zakhnini,89310d3b-9119-4267-89ee-3854d44a97a9
Souad Zaydi,2e110b3a-28b3-4743-80bd-f61da1a6143e
Soulaimane Houlich,9b2f3c9f-cd40-4e1d-a234-23977b093127
Soumia Ouaallal,bd5d4e38-c318-465a-a5f4-f2a459a01051
Souria Ahl Hmad,af340f83-d230-4d7d-809f-cc24de761f52
Tahar CHAKIR,3ce47c05-a76b-44f0-80f1-e96a9df858ec
Taher Bmzagh,3b4e0001-736e-40ad-bd26-585541fc08bb
TAKADI Brahim,b384d31a-e06a-43f4-8699-32716e924e52
Taoufik Kamil,d4d014e9-940d-4fe0-bc35-34133fce880d
Taoufik Mimouni,005e6633-7c98-4f69-8f5b-465d47ca4a90
Tarik KABBAGE,8b67a543-fb72-4197-9d34-06193ece552b
Touhami Elmaski,1918d233-a7f7-4428-9926-249860fa303b
Touria Faraj,93cb72cc-0f3a-4eb8-bc10-06da7b306477
Touria IKBAL,6b63f59e-c0c8-4324-9146-57c6aeef6d60
Touria Skalli,3a69992b-95fc-40db-b0f9-42200ced9769
Wadi TINMELALI,4b6af7c0-bd33-49f5-be2b-06c83c34dfaa
Yasmina BADDOU,4771f815-f028-481c-92be-e9471a1242f5
Yassin AHAJJAM,88ebb974-2d66-406e-8858-f7b3563a0f29
Yassine Daghou,5d310b2c-818d-4324-8601-7458628ee856
Yassine RADI,e97b4f74-78db-4b8a-8216-5d59238a52c5
Yassir ADIL,7275f284-28cf-4447-9633-0d0c16044a2b
Younes BENSLIMAN,a4ceeb7e-5cb9-4b06-b0e7-cece355fe677
Younes MEFTAH,da8f4af2-3808-4927-9007-73c24f941aec
Younes SEKKOURI OUBBAHESSOU,e7a34c97-ffb1-43b7-9417-e019e500d4a2
Youssef Ait lhaj Lahcen,9caedbc3-c5e1-46c9-9a56-519f6baa4e0f
Youssef GHARBI,386b7fa5-fa4f-410b-91c2-b808bb20e3f9
Youssef Hadhoum,76530399-b41b-47c1-ae96-f9b6781e225b
Youssef Houar,cc8d13df-a159-4ab4-8fb2-4cead740bf74
Youssef Rouijel,5f75fe67-f608-45e8-a9d5-538f1030e549
ZAHRA El Yamlahi,f2fcd5c2-86c7-44c4-b4a2-7afed40b8948
ZAKARIA CHATOUI,df8e147c-5ca4-409f-ae1e-7f698fb19405
Zakia Mrini,8beeede9-f1fe-4f1f-b495-5c01b44d83a9
Zhour Ouahabi,90daa0aa-bacf-41ff-a8b3-4eb6c7aba049
Zineb KAYOUH,f7737bbe-4766-4821-b5b7-68435dc7d147
Zinelabidine Haouas,008a4edc-c436-4ffb-abd0-cab94280ff55
Zinelabidine HOUASS,43c6a397-586a-48cc-a887-870b6abfde6e
Zoubir Habdi,69802a72-8a83-4d57-a079-600abe895aa9
ءامنة ماء العينين,2bfbf826-0414-43fe-9877-38b415ace4da
أحمد أدراق,834482e8-b98b-4632-8a7b-5b6eef9504e1
أحمد أمغار,d02503ef-e2d7-43a5-ac59-586648634d4c
أحمد الغزوي,c1b22bda-edfb-45db-9d24-ff90993b0557
أحمد الهيقي,3ad11c33-bdbd-4260-8ce7-1b5e7565606f
أحمد شوكي,02b54e15-d425-44c6-a9c0-c34efa953d97
أسماء الشعبي,63b78b74-54a8-43c9-845a-a3ba6fcd25f3
أسماء الناصيفي,58e9b6ce-bc18-4bf0-a1ee-aba500572dc4
أسماء غلالو,c58b79d8-91d1-42d6-8e25-647c8107bf39
أمال بوكير,9d2053fa-6011-461f-9e86-58b72195688a
أمال عربوش,0f183b56-6496-4e48-964a-383f4536f331
أمينة العمراني الإدريسي,116550d5-dbb2-4c8e-9df2-e4c4f4200c1d
أمينة فوزي زيزي,2bc7e442-5988-4a68-8ba0-ee5ef8769983
إدريس الأزمي الإدريسي,fad1c93b-c898-4ac2-b118-b5d8cc7f9459
إدريس الرضواني,b704ff1b-3185-4f87-bb5b-1956fea57488
إدريس جدي,55dc3eb8-7226-4301-9aef-250706cafa9a
إدريس صقلي عدوي,7bfb3c80-cc4c-46a2-9f0a-31229dcc9be6
إدريس مسكين,25509d4e-4aff-4740-bc89-cab87d44c786
إشراق البويسفي,048f7007-8cf6-47a1-8db2-30ae84bf4115
إمام شقران,d967cd4f-d540-4f9b-a565-d3eca208c56a
إيمان اليعقوبي,ee6e4fc1-d3b7-41ac-b0e5-5f0e727ffbbc
إيمان بن ربيعة,c707a38e-c1e1-48d9-a896-3dafc4be91ee
ابتسام عزاوي,7f5ac3a3-5184-4527-9ad9-a866b67b1c4b
ابتسام مراس,4f0b3265-05b1-4020-bafd-9c7bbd0e62d6
ابراهيم اتكارت,a4fbee1f-1c77-4520-8c2a-c53aa069addb
ابراهيم الضعيف,d80753e6-e6dd-4951-992c-072390291755
ابراهيم بوغضن,f2fecd27-03bc-43a2-b455-feb48da80ee8
ابراهيم تكادي,b384d31a-e06a-43f4-8699-32716e924e52
ابراهيم حسناوي,5dd9f750-e51e-4a42-ac6c-03a4c7e775a3
ابراهيم شويخ,7b451e53-64df-4658-929c-bb9c27be05b5
ابراهيم موحي,75a75482-4974-424e-8fd7-9f62a0a4fb5c
ابو زيد المقري الادريسي,2e1552b3-bad7-4fc0-a03b-5e9ed95032f0
احمد التهامي,49c30e9e-c940-48b8-b5f4-dc577aa759d2
احمد التويمي,713302f3-1f09-412a-a908-021937f28240
احمد العجيلي,6a2f7555-412f-4d49-93f9-e1f5624c8505
احمد المتصدق,2631533f-5b63-4432-96d3-73639d84ad31
احمد المهدي مزواري,8843daa6-b645-418f-a7e0-3c9d1415b11a
احمد ايتونة,8f6f0bcb-d330-4933-b874-a0974b0d637d
احمد بريجة,c8a9d8e9-e8e3-4a72-b998-e772ec743503
احمد بوخبزة,69bef5df-f945-4dfc-b166-af1e46635448
احمد جدار,c2d44aff-ff63-479e-a902-e4cbf04adcb2
احمد جنفي,a54109d8-6525-4011-9fd3-68dc65b8771a
احمد رشيدي,5afefb20-1535-4255-b7f9-35d69d5506d6
احمد رضى شامي,56d277a3-0d79-4c14-8355-508636e95e99
احمد صدقي,c796c9ef-e3cf-4d62-bbbe-26da0deb3e31
احمد فضلي,80692ecf-06ea-4b4f-b17f-fb5b78fcc75e
احمد مفدي,3ccc1cb4-23d3-4386-aebc-980a158dcfb0
اخليفة الصيري,67137a69-2c51-4661-9cf6-196cf8a5930d
ادريس اشطيبي,c5a70f25-9cef-4340-a1f1-66fa93482453
ادريس الثمري,6d36acdd-8b3b-456a-ac64-7e6acfa9f16a
ادريس اوقمني,5b07c785-4642-4c47-a414-32984481710d
ادريس بوطاهر,c0f4f4fa-90bf-42af-a635-76b27550ff0f
ادريس قشال,86977982-acdd-4317-8596-e235055dc38d
ادريس لشكر,4761f263-69ee-491d-bbdb-77e933966a53
ارقية الدرهم,6f21ca83-45d1-4136-b921-1912cbec2ef5
اسماعيل البقالي,b549fd7b-2816-41e9-b63f-168ed05d30ff
اسماعيل شكري,9b05c40f-c371-4937-9ca4-cdf3b542af01
اسماعيل لماوي,5251607a-f79d-405c-9946-13e1f34ee87b
اعتماد الزهيدي,99b69393-fe8a-4e56-9e21-cc4abf9442c3
الإدريسي أبو زيد,2e1552b3-bad7-4fc0-a03b-5e9ed95032f0
البهلول رشيد,a0639856-e8e2-49d0-b0c3-53fa795cd429
التهامي المسقي,1918d233-a7f7-4428-9926-249860fa303b
التوفيق الميموني,005e6633-7c98-4f69-8f5b-465d47ca4a90
الحبيب البوبكراوي,9e8c5abb-af26-4803-adc0-98d8f12902f8
الحبيب المالكي,6d21d77a-36bc-4eb0-9740-0d31ab5882fa
الحبيب حسيني,6c223a85-595a-4483-80ca-68f332d47b92
الحسن امروش,e1c70563-41b7-4352-9058-4f2bd085302d
الحسن بومشيطة,fddb10be-8192-4851-9e33-61614c0f7a78
الحسن شهبي,2368f4e1-abf3-431c-b2f8-af5119d523b0
الحسين اجعيدر,ddd3c033-4e45-4e25-9bdf-eb43dd7df15c
الحسين الحنصالي,918e677a-4af4-4d5a-a260-fb05295152e0
الحسين الرحوية,d13f1655-6158-42f8-8825-27b52422fda5
الحسين اوحليس,9bc67338-cbf1-4c2c-b019-23868f041334
الحسين بوحسيني,cb2e2190-3fee-4d92-b787-fba836e503e2
الحسين بوزحاي,9cea0685-b75c-4749-94a2-8de7b725ca22
الحسين حاريش,3b7d2bd2-cdeb-4f8f-b626-6a30b3b8e4da
الحسين قاسمي,e9e8da90-d5f6-49ed-a682-4f045e71235a
الحسين ودمين,9e9f11ce-014a-45ad-b495-56813bbe2da7
الخليفي قدادرة,c00f46b9-b444-49e7-baab-0d32015e8102
الرشيد بن الدريوش,3019407e-ba7d-4058-aa12-9b1b16c9b3db
الزبير حبدي,69802a72-8a83-4d57-a079-600abe895aa9
الزهرة اليملاحي,f2fcd5c2-86c7-44c4-b4a2-7afed40b8948
السالك بولون,a72a906a-6fb9-456d-a88c-ae7a903786e2
السعد بنزروال,0654ffa5-60ec-4f44-8840-34ec99788be8
السعدية الباهي,9d4b39ae-08df-40e5-977f-653af30de260
السعدية بن العساوية,259a99e2-ec2a-48c5-a9fe-e73978161c14
السعدية بن سهلي,176fa908-10b1-47a1-82c4-32a117d7c3ca
السعدية زاكي,291c81d5-6ee3-4014-8f30-e672ccbd9603
السعدية علمي بيناني,2c552055-a67b-4441-b95a-b8e9a87107d2
السعيد أمسكان,c07725b5-3b15-4ad2-89e4-65c872092d4d
السعيد الزعزاع,8a29da70-1ee5-419c-8455-a7fe7428c972
السعيد الصادق,d60c488d-6e58-4539-8d62-fd39802f901a
الشرقاوي الروداني,31d5c5f5-f928-49a8-8fc5-6e38b8cdf3ce
الشرقاوي الزنايدي,1d359af4-5093-420b-b8ff-e8e5e42413fe
الشرقي الغلمي,a77b0636-3271-4ad4-82d0-34567e5c549c
الشيخ ميارة,323794af-8cde-48e6-8c23-09d97e968084
الطاهر بيمزاغ,3b4e0001-736e-40ad-bd26-585541fc08bb
الطاهر شاكر,3ce47c05-a76b-44f0-80f1-e96a9df858ec
العربي شتواني,a6816a6b-5bdf-4960-aa14-027e190e3ce6
الغازي اجطيو,c2ad51f2-076e-4fe0-af14-2dfa8cd692f6
الفاطمي رميد,e381323f-3e87-41c7-895e-1bd42582ecc5
المختار بنفائدة,9711a0fb-04fc-44ab-9973-3acea85571c4
المختار راشدي,bba3ce82-6ba2-46d0-a6b6-f765c9cb07fa
المختار غمبو,5974f00d-c8ea-44f6-b782-6bd7fd93db2d
المصطفى الجاري,47b46ae5-ff15-4d3b-8d11-ede151787841
المصطفى الغزوي,4e9c5a75-3e4b-4bba-a0c4-3ab4db945b8f
المصطفى المخنتر,6373c5c2-6a11-464c-9cf8-cbe8143431f5
المصطفى المنصوري,2474599c-74e1-4177-84fe-bec0f72c9ade
المصطفى جبران,e1cb040d-9ba2-4d77-abeb-21e060995ad4
المفضل الطاهري,f6ed69db-1bc5-4c53-9ad9-c9003babfcdb
المهدي العالوي,784c4af5-f7de-4c1f-9623-4846bb36eb85
الهام والي,7a869617-6e3a-4f63-a380-f35aefe3b368
اليزيد الطاغي,e49c711c-2cab-4909-b63c-81cf6ec57fea
ام البنين لحلو,8215ed67-161f-4e56-8f29-08087fd16e7c
امبارك الطرمونية,43045ecd-432e-4149-912e-14ab3192a7c4
امبارك بوعيدة,174be709-0e84-492a-a7bc-3ea02cdbd453
امباركة توتو,561e4369-623d-4b3d-b51a-8c516e57dd9a
امكملتو كمال,8176e302-a769-4137-9017-65bcd2632b98
ايدار أنجار,bb194005-8dd1-4248-a3f5-4cd0d491e6a6
بثينة القروري,da6a754e-b2f4-420b-b80f-ebbca9806f4e
بدر التوامي,1eff48c8-4a47-499b-8c8b-9e5aaa60e34f
بدر طاهري,9ea74d29-505a-470c-9025-cddcde2a65c3
بديعة القيلالي,2727c7b0-2ba8-49f0-bd3c-48dc85bd7822
بشرى برجال,541559b6-685c-4f17-b314-6b4b0636b4b7
بلعسال شاوي,c8a0c4d3-3b87-4b95-b88f-fd7c7e14d4a4
بلعيد اعلولال,be4b2cd4-fc4a-4098-8a86-b28d869f0601
بناصر حوباين,2dd687ac-5145-4c60-8d03-b987661664f5
بوبكر ابن زروال,aeeccc67-0e24-4eca-98f1-24f24372ecdc
بوسلهام الديش,93cd3276-56b1-4a72-b72c-c2f30f1e7291
بوشتى الجامعي غزلاني,329ef385-3dd8-4f5d-90be-790b7ce81c64
بوشرة المالكي,0d917db1-b950-4eeb-9100-5895ee3ab3c3
بوشعيب عمار,2abc592e-fce4-4946-85f2-f9f759e153aa
بوشعيب نبيه,4b860e03-a6ec-4f3c-a5a4-5a3ffc3d81a2
بوعبيد لبيدة,690e8771-c41b-4373-bd14-867a3ef7be1c
بوعزة الركبي,4f2329d3-aa9e-41b4-9035-db00217b2632
بوعمرو تغوان,2bb2c29e-6fc5-4054-a832-ddfda9a52d47
توفيق كميل,d4d014e9-940d-4fe0-bc35-34133fce880d
ثريا اقبال,6b63f59e-c0c8-4324-9146-57c6aeef6d60
ثرية الصقلي,3a69992b-95fc-40db-b0f9-42200ced9769
ثورية فراج,93cb72cc-0f3a-4eb8-bc10-06da7b306477
جامع المعتصم,6094a0c5-d04c-4856-b630-175de6eb41fa
جليلة مرسلي,09c2e859-25b6-4e70-93a1-1a2c42275cde
جمال استيتو,ce532de8-f9cc-4e88-b5c7-d9a03ed3bb10
جمال كريمي بنشقرون,2064498a-f309-442d-8f19-8be1064edfa5
جمال مسعودي,6f91a790-dbd4-409a-9145-99ebb49c0d46
جميلة عفيف,8a779cef-f74d-4cdc-8d22-1401ebdeee26
جواد الدواحي,4f7c91b4-f5a3-4f93-bd7c-b674dab84cff
جواد العراقي,6af3f366-edce-4c1a-a166-8f7030548c2d
جواد الناصري,e3cb6181-acf7-443b-a8b2-095eec7ff352
جواد حمدون,2a528bcb-6c9e-4721-a01a-fb63a472f5aa
جواد غريب,47341f99-faa0-42e8-85a4-c437a166b262
حامدي وايسي,36df2ee8-50cd-4e7f-b958-ea1e82435d76
حدو قسو,f8dd7697-012c-40d1-8638-be4bccab1bd6
حسن الحارس,0c3a0f54-9a98-4dd9-aac3-9edcbf821ee9
حسن العديلي,56de4a62-024b-4ffb-8efa-f7149e1de5dc
حسن العنصر,46404c9f-8005-4331-98e3-e995d076fa57
حسن الفيلالي,6db5984d-0815-4e8d-b165-cec6b41b1899
حسن بن عمر,4ea97c96-bba3-408e-b50f-f245207720a1
حسن بوركالن,8ad1bf02-a502-4f1e-b29f-a34132249984
حسن بوهريز,c80efb3a-5eab-494c-807f-4a42c6d13a2b
حسن طارق,3c4f4fb4-08b2-4df5-b34b-48c36d3abf78
حسن عاريف,9e9374cc-86dd-4385-aaf7-5e6240b21bc0
حسن عكاشة,5f86b12f-6457-4c26-9dfa-55eb3ae185eb
حسن لغشيم,e60a5131-0d50-4a94-a933-72222b926332
حسناء ابو زيد,f19184a8-54f1-49f2-aa66-f07cdcfc2959
حسين أزوكاغ,22b23a2b-1fd9-40f0-94fd-7b00f073278b
حفيظ الترابي,5c2c9a69-28d3-4878-a00e-6027fcdc9c2d
حكيمة بلقساوي,65949774-f86e-408b-8dbf-9a77aaaef6fd
حكيمة فصلي,ad6c5d8e-8a65-477d-bb66-453ad1fe0aa1
حليم فؤاد,e28ec2db-df0b-4520-bb13-756bd8708b24
حماد ايت بها,e86d1dc9-d564-439a-84ea-ca39ab792708
حمدي ويسي,009eda8c-6791-468b-88ea-8d1dbe8cb8db
حمزة الصوفي,32053794-959e-4555-9f63-4570c58f6317
حمزة الكنتاوي,3eb45375-315d-40ea-85b5-75efd7adcbd6
حميد ابراهيمي,92b4ddb0-cbc6-4869-800c-88ff57007cc6
حميد البهجة,e6dba490-0ced-4887-ba6d-f29109f629b2
حميد العرشي,a01c5842-d0ca-436d-abe7-ddb50eedbaf0
حميد العكرود,559b4e55-ed62-4e9b-933a-cc36bccbbb73
حميد شباط,6f4b7dfe-f402-412a-9be7-21fec52614ac
حميد وهبي,91eb96e6-ebb9-4299-9bc4-7d9c833c1406
حنان ابو الفتح,ffd607f8-db94-4cc6-9a40-b62b589d5be5
حنان رحاب,b5af972a-0ef5-40cb-9397-d41c81ad0ca5
حياة المشفوع,021dd12f-f63e-489c-ad62-a08f36596986
حياة بوفراشن,aba620fc-57f3-4888-a22f-93b71995178b
حياة سيكيحل,eeec4b0e-09d3-4926-941a-310848c7c4bc
خالد البوقرعي,bde1438d-4afd-4ae7-bf8b-606522cba432
خالد الشناق,ae7bc646-7566-4c90-bd43-69959a5513b3
خالد المنصوري,99967a9d-f515-4e69-bf4a-6662827b1c42
خالد تيكوكين,5c5dcc12-cafa-4c5b-8aab-b26dab7cd16e
خديجة ابلاضي,63e06008-cbaf-48ae-9313-222e2998c72c
خديجة الرويسي,419a8360-155f-498e-8c4f-3209c0a229af
خديجة الزياني,562a53e7-4ee9-4c0e-a9c0-3661572e834e
خديجة اليملاحي,b2161879-2d3d-4771-acf3-7f5fad19da83
خديجة رضواني,e308ebfe-f790-4bfa-bf74-2064265aa9ce
خديجة شامي,d5129c56-8a6a-459b-9110-1c3324cdf5e0
خليل الصديقي,98f2989c-78ff-49ee-aaab-a58fd978b8f5
راشيد الطالبي العلمي,b6cd37bc-7003-42e0-af4c-9b5f4110c427
ربيعة طنينشي,d4b860b6-2f40-4a68-8e1b-7cada77621e1
رحال اجبيل,e8697a76-9537-4a02-b6be-c0f37eb74bc6
رحمة اطريطاح,09615422-4da3-43f3-a8a4-738237cdc2f4
رحو الهيلع,a2678e28-3970-49be-a97d-a774ab18fc41
رشيد أحندوش,c66eb79f-65df-409e-91d0-29d703c2ac24
رشيد التامك,4186adb9-dad5-4688-a21e-e47b6972adc2
رشيد الطالبي العلمي,b6cd37bc-7003-42e0-af4c-9b5f4110c427
رشيد العبدي,a61c6220-4078-4ddc-8e9b-bb8973497059
رشيد الفايق,0002734f-ba66-4ccd-abe2-7edfa66fdc90
رشيد القبيل,ed3c8079-d241-4dec-9422-3d5454a312ed
رشيد روكبان,61cc5976-50ce-4a4c-9fed-75e4c7e17341
رشيد عدنان,ed441d31-b2d9-4eef-973b-8588aa8f833f
رشيدة اسماعيلي,655ee3c5-0b3f-4dd8-b854-85d75a03f8e2
رشيدة الطاهري,35aa9e63-1ffe-453c-a37e-83d9eb81fa6e
رشيدة بنمسعود,c67c53b4-b048-4332-9f43-ca3d82af5225
رضا بوكمازي,ecc1ad15-0c69-48b7-8313-d59b55848885
رضوان النوينو,79e6af79-74df-4e28-9d0f-939f4e7d9b64
رضوان زيدي,323570c4-8b23-420e-a0ba-8e682af1d787
رضوان غانم,0638300d-c99f-44cb-89f0-c9b92e98fb4b
رضوان مهذب,ee063c71-8544-4b68-9596-bf1ac76daed1
رفيعة المنصوري,e5c63905-d59d-4b7e-9e12-9ca36cb54806
رقية الرميد,f8e6470e-493a-4960-b6cb-c4b65c9c87f8
رمضان بوعشرة,1ac65e96-c6ca-4e3d-a0c2-83d4202a1031
زكرياء الشتوي,df8e147c-5ca4-409f-ae1e-7f698fb19405
زكية المريني,8beeede9-f1fe-4f1f-b495-5c01b44d83a9
زهور الوهابي,90daa0aa-bacf-41ff-a8b3-4eb6c7aba049
زين العابدين حواص,008a4edc-c436-4ffb-abd0-cab94280ff55
سعاد الزايدي,2e110b3a-28b3-4743-80bd-f61da1a6143e
سعاد بولعيش الحجراوي,cc30b148-ee6c-4e9b-b3ea-366a1f61afee
سعاد زخنيني,89310d3b-9119-4267-89ee-3854d44a97a9
سعاد شيخي,af325f70-088b-4ba2-81b0-e1e99471f15f
سعاد لعماري,49dfb070-d50e-476c-a1fd-efbcbf85ec86
سعادة بوسيف,4d8b9f2e-e44f-4fcc-a636-3653ce3f5550
سعد الدين العثماني,021f2d6c-c79d-4b8b-8dda-a048da0850c8
سعد حازم,60200f93-71aa-4521-b6a2-2aac00a1e2d3
سعيد إدبعلي,b7372ae6-d198-4021-8929-b6e3e0083d0a
سعيد إنميلي,26a435ae-b67f-48db-925b-f613458f6e6b
سعيد اشباعتو,fe681346-28cd-4484-9943-8cc3fcbd6756
سعيد التدلاوي,66fb0dd7-4d70-4e15-9eeb-ed5983f85c71
سعيد الرحموني,c7fd0ce0-f215-4606-a5f3-aced0e61ef93
سعيد الرداد,e387448d-41d8-4239-b4eb-3225dc8d0984
سعيد الناصري,0e4be965-83ce-4a26-a835-bc1977df8e95
سعيد بعزيز,5ca33f7e-b61f-42a6-b5b1-b2f803511835
سعيد بليلي,55438436-f779-4cde-9bcd-a4d3f7869e9f
سعيد بنحميدة,697882ff-4d1a-412f-bde7-76795d3c15ce
سعيد خيرون,68ca4d59-b1a2-480b-87c8-fad04939e178
سعيد ضور,3789b043-da19-4604-bb7a-f1073fa26c44
سعيدة آيت بوعلي,525af82d-c665-4fa1-bcde-633bd8ee8a8d
سعيدة شاكر مطالسي,2022f5ae-b029-459a-97d2-5ae2a17562e1
سليمان العمراني,aaa2b2f2-1d9c-44df-a481-9f5a154bb429
سليمان حوليش,9b2f3c9f-cd40-4e1d-a234-23977b093127
سليمة فرجي,db143d55-083c-4dae-a2af-0a251dea462f
سمية وعلال,bd5d4e38-c318-465a-a5f4-f2a459a01051
سمير بلفقيه,98af4a42-807c-4ac1-8855-c00b4143b4ea
سمير عبدالمولى,a3190908-6432-4ba2-8420-04d1c42e2355
سميرة القاسمي,00c95a30-9be8-4c76-aafa-6f77a6a6d246
سورية أهل حماد,af340f83-d230-4d7d-809f-cc24de761f52
سيدي ابراهيم الجماني,87626c7f-7e6a-44f5-afb3-d8447557014a
سيدي ابراهيم خي,d2d9eff5-005f-43f1-aa0f-77663f37c558
سيدي حسن البحراوي,dc5e4073-5d8a-4e96-b592-9379dccaad8c
سيدي حمد الشيكر,3b7531d9-e5cc-4fad-9f93-c6bcfb6003ed
سيدي محمد الجماني,34f022cd-f136-4f0c-b183-6e99b6486b29
شفيق رشادي,3c07b62e-68d1-448f-b1cb-fe6808dcd1c5
صابر الكياف,2dca02c7-39a2-4d28-8ba7-f95c062af168
صالح المالوكي,35c3ff34-9ee6-4e0a-a7b5-d1dd9bb2295e
صالح اوغبال,bf7a191e-4fd0-4a17-bb0e-5dde0d3d39ba
صباح المنصوري,61399b9d-2510-47cf-96e5-3e5642770d81
صباح بوشام,ad960f4d-474b-41ce-8faf-7cb324f77421
صلاح أبو الغالي,7a18f689-5a91-41f2-903f-de62edccf1dc
عائشة آيت حدو,3b50b380-eb7e-4f1d-9461-6ca8b50499ed
عائشة إدبوش,00fbd9f9-ef2f-4c1d-b15e-5f1195fb4de0
عائشة البلق,12a055fa-d7cc-4cbd-b168-85dc0c70eae4
عائشة لخماس,189f25bb-d069-48e4-8105-1f3f76ed40db
عائشة وحساة,f0fb8a8c-df0f-46bc-8bf9-136549c5e6ff
عادل ابن حمزة,941ef502-b3a5-4351-b2d9-c22aab30c732
عادل البيطار,5a0e363b-485b-43ac-aef1-85097ed16ffa
عادل السباعي,6a9f428a-fb24-49f2-afdd-d3a07d8999a7
عادل تشيكيطو,fb1a4fa8-9e5d-4a00-b455-223b437b973b
عادل قيشوحي,ccd740c4-3493-406e-8047-25312220e2d9
عبد الجليل مسكين,5eef7431-7afc-4745-8203-e0c1b7d32d8c
عبد الحق الشفيق,af180e87-af33-4b20-9e0b-9f006f131f9c
عبد الحق الناجحي,58f595a7-6b8a-45e6-972d-b9cb807f05a5
عبد الحق الناجي,9629d2e3-fada-469a-b284-5db0b0301d48
عبد الحق امغار,a7001432-211e-4fe9-86cf-6d16238363ec
عبد الحق كسار,ddde7f11-d548-47d6-8491-2e06bda19ac0
عبد الحكيم الأحمدي,184407a6-8e87-4923-b118-52e342f7ab36
عبد الحكيم سجدة,bc14b387-66e6-4006-bef8-a84e95dba8e4
عبد الحليم علاوي,1b4bdfd4-f931-429f-9d12-53b7cc2a7b33
عبد الخالق القروطي,a7c87f57-95ed-4ea3-8e63-b24c2260db36
عبد الخاليد البصري,8b21f987-de46-4dbb-a073-e2808cd8dc59
عبد الرحمان العمري,3030a05a-565a-42ed-bf4f-b7195545f655
عبد الرحمان حرفي,67be38ad-b5c5-47b5-901d-f8fddbbf11d7
عبد الرحمان خيير,fb449bf8-6b41-4cab-915f-14f783e0f521
عبد الرحمان رابح,088d2ab3-3bcb-4147-b547-96852dd6e82f
عبد الرحمان رحيمي,5f08349d-8daf-4b45-a5c8-3004841eb168
عبد الرحمان فضول,2f988138-018d-4390-83c9-383f2601a2bc
عبد الرحمان كراط,07a1e85a-865a-4ecd-b119-334e652487ec
عبد الرحمان نور الدين,1fa3731d-7a7c-4fc0-96d4-f213737c49d5
عبد الرحيم عثمون,87b885d0-4a59-417f-a6b6-5428fb0f0329
عبد الرحيم مساعف,045175e9-b6b2-4896-af67-4a4d5ed92a3c
عبد الرحيم واعمرو,9e18f2d4-28ab-44d8-9048-c602ce66c90d
عبد الرزاق الورزازي,682d4f8b-89cb-40d1-b761-8385b50fe013
عبد الرزاق نايت ادبو,13be9f2b-03e3-415e-bf80-672d4c9c9233
عبد السلام الباكوري,eb7a6dac-543e-4c83-928f-9e02be0dc997
عبد السلام السوسي,2c07d9a5-22d1-4d10-9d43-863cdce39bf6
عبد السلام بلاجي,e91bc820-4710-4c70-b195-7a3ca4b8b338
عبد الصمد اكداش,517069f2-25f4-4825-abea-00ff4f7cd039
عبد الصمد الادريسي,35969be1-d796-4bf1-ad38-b6cf0405c00c
عبد الصمد حيكر,8187db11-fcf2-4bd4-82fe-e633f70ea3ba
عبد الصمد عرشان,c5b2be82-a61f-4b68-95a4-357d88924a5d
عبد العالي بن ربيعة,83b1b1fc-76d7-43d1-83cb-5fc3c68397b4
عبد العالي دومو,8b47ae51-d2ad-4c44-8491-bf34e18b797a
عبد العالي عبد المولى,0c20837f-b71d-4b83-8718-2d3932906017
عبد العزيز آبا,594b092b-268d-40ea-8bbb-8529934f312e
عبد العزيز افتاتي,f7a30a96-83dd-427b-a02f-3ed66e408479
عبد العزيز العايض,15dc6cee-2583-4502-8b57-ecd6d5c3cefd
عبد العزيز العبودي,3976d3a7-c101-4284-8a85-e1a82371d17a
عبد العزيز عماري,b73ed87a-2699-496e-8f02-0057b922742f
عبد العزيز كوسكوس,ae80900f-eecc-43ef-ac82-f41d4b430ab8
عبد العزيز لشهب,18d8ad74-3689-4790-9501-34a858508127
عبد الغفور احرراد,e0e80fef-95a6-4e2f-94f7-2e4aca19199d
عبد الغني جناح,2f7bd264-f316-452d-805c-0e9f5a0f70c5
عبد الغني مخداد,8783aa62-01a9-47d1-8591-7000e140d760
عبد الفتاح أهل المكي,2073be5a-0855-405e-b05f-2c809dab6101
عبد الفتاح العوني,060ce5c1-79bb-48cd-aca4-4a89d3311f33
عبد الفتاح كمال,35753498-3fdc-4eb6-94b4-ff3228c48c2f
عبد القادر الكيحل,9ac958a6-30ce-48ec-b699-e06a917fb7a7
عبد القادر الياحي,2a9f1d39-bb18-4b9c-a7d6-fea88b273e10
عبد القادر بودراع,485cc4db-010b-4f29-bc6a-b61690084fd7
عبد القادر حضوري,1c4ad031-f731-4358-afec-e15d2044c56f
عبد القادر قنديل,e96e7f7c-03f2-496b-b61c-1fc4000d786b
عبد القادر لبريكي,0f6ffc13-d985-42d5-9258-f143be5067dc
عبد الكريم النماوي,0a45bf0c-a496-4dab-a0c6-db430f278c07
عبد الكريم شكري,e9083f2b-f35f-4423-b380-820d409f26a8
عبد الكريم لبريكي,8e21193d-0396-48fa-9f45-c351b98474b7
عبد اللطيف ابن يعقوب,d7d4ac2e-4729-4851-98ec-cc5e1f7bc57e
عبد اللطيف الزعيم,64dbe088-00c7-49b6-a279-8d0d7a0e5916
عبد اللطيف الناصري,13ea6806-6276-4924-bdfd-494e7913db05
عبد اللطيف بروحو,9225fab7-257c-4c64-963c-f6f88e1229e6
عبد اللطيف حرشيش,4b1fad73-d1ea-4179-bdd6-6e4a709e1ba2
عبد اللطيف رشيد,0733eb95-dd89-432f-acce-25553770f6fc
عبد اللطيف فويقر,39187efc-f924-4559-8ef7-86107dfd3cb0
عبد اللطيف وهبي,f4d5c937-d6d4-47b7-90b3-3ba12f2f71d5
عبد الله أبركي,32c47249-65f2-402b-8c20-21c65e4b2618
عبد الله ابرني,19a12909-5a54-4bd1-8a81-64793c4a6e99
عبد الله ابو فارس,4824fe23-361f-4963-b052-96455d52141e
عبد الله اد بدا,94e8d19e-c86d-4ca1-a1e0-37108755ec41
عبد الله اكفاس,e9073af9-5559-46b7-a8d5-95cad6fa2db3
عبد الله الادريسي البوزيدي,f93ed4a4-0323-4623-b676-bf99d5d6477e
عبد الله البقالي,bfa30b68-f455-4d99-8776-0834ae782908
عبد الله البوكيلي,e408c7b4-2762-42a3-8c95-44657a700903
عبد الله اوباري,b93c4bdd-b7b3-4062-933d-e3222eee7f52
عبد الله ايت شعيب,3bff8e2d-6349-4f57-8fc4-6cfd480ff740
عبد الله بنحمو,959e1a76-956c-4c03-a9e0-3fd2ba079f2a
عبد الله بووانو,7735f772-e340-4da5-a3a0-d078ae5d97b0
عبد الله بيلات,888d2616-079e-47ea-925c-5379dce64d9d
عبد الله حنتي,e096a150-0e74-4bf9-9011-3c98295f6f6b
عبد الله صغيري,797cd950-54bb-421e-93f8-6a7b41aba82c
عبد الله عبدلاوي,47641d95-7175-483c-a9bb-d3dff8fb1082
عبد الله موسى,17b5d44d-b6f9-4061-9408-91237d821258
عبد الله هناوي,8fbbf9bf-75c4-4af6-8498-f94653adbf19
عبد الله وكاك,b3504124-819b-4711-9ef1-a1c784ff6992
عبد المالك بكاوي,32fecc5f-5a23-45a9-b13f-d7e84c789a21
عبد المجيد الفاسي,e26e793a-c505-41ab-ab56-50ece8cb8577
عبد المجيد ايت العديلة,0048f176-9bc9-45c9-a8d6-d338fe692557
عبد المجيد جوبيج,188c1199-96e0-49c4-b8ec-22b6727d4da6
عبد الهادي الشريكة,96c82bb5-272c-4c69-a8a5-f029c03810fd
عبد الهادي خيرات,c0262937-dbcf-4c27-baba-5afe0ce8606d
عبد الواحد الانصاري,b0ac4e07-d29c-48cb-bb6c-4d3a4191c93a
عبد الواحد الراضي,a47c4ea3-585c-4d0d-811b-a97cdaa8043c
عبد الواحد الشاط,cbd9b922-d862-4dee-9ef5-34cd28e4b970
عبد الواحد المسعودي,d4bd86d8-c18f-49ec-8419-a581c097a89a
عبد الواحد بوحرشة,2cd8b5d6-b0c7-4132-af87-1419fc96556a
عبد الوهاب راجي,80db060e-1bbb-4af9-b160-4736d83873ce
عبدالرحيم لقراع,fb0eae12-a802-48de-bdba-adc75fee23e7
عبدالعزيز الودكي,1d02462d-8e64-4848-bd4a-5273c89290a8
عبدالقادر عمارة,f708616d-bf17-4be4-bda4-02db8ed0afdf
عبداللطيف العيدي,619895ae-80cb-4787-82c3-9e44d5ccc258
عبداللطيف ميرداس,6091a47d-fa72-44c3-a36a-48fc946f0ab0
عبدالله العلوي,c710da22-cc48-4639-a85d-46969f986915
عبدالله الغازي,c98887af-f2bd-4733-9f99-c76f50a60880
عبدالله المسعودي,e1acf802-52e0-4af7-b63e-660d4e162a66
عبدالله هامل,2e652a8a-96bb-4ab1-8489-56acf2936036
عبلة بوزكري,10558709-e62c-494e-8bac-ff1582574e8e
عدنان بنعبد الله,69619e1f-4a90-4858-9f79-efb1a221e58a
عدي بوعرفة,86d80aa5-de89-4db4-beb8-bb5f8841c3fe
عدي خزو,96f73dc5-c783-4794-ab43-b8a01a6f61de
عرفات عتمون,a222b4aa-f2dd-4d28-bfdf-2279cc61a92d
عزوها العراك,7b1d6b9b-d85e-4fdd-a567-1a9fcd00d74f
عزيز الدرمومي,f654ab37-52d6-4f24-9ba7-671d0d047303
عزيز الكرماط,a84f2784-5c88-4275-afa9-51e1f70adf73
عزيز اللبار,f47d0a1a-0876-4ecc-9536-0436d405cddb
عزيز بنبراهيم,f9938aa3-594d-4075-bf2f-7f84b9e98567
عزيز رباح,bc0817ca-ed95-4cbe-9c19-c141ca4ccf51
عزيزة أبا,71494aed-abda-490b-a4c0-8f8259a9a7a4
عزيزة الشكاف,481b3571-9905-42dc-929e-7dd9dd9bed43
عزيزة القندوسي,12dd1fc4-2097-417e-bbef-61269dc03c2c
علال العمروي,2085b06c-c406-4f0a-ad94-8e6492cad89c
علي إمنيول,e40b0e4f-574b-4f37-a053-402caa89897a
علي اباسو,7fbdbda8-f9ac-447e-aadc-89a0f941442a
علي الرزمة,b5c252d5-dea2-45df-aaf6-02e2b4e98a7e
علي جغاوي,957fadf1-b1fe-43d8-af62-c23840e12aa1
علي قيوح,3865ee80-bcb4-431c-803a-9629dfefc7e2
علي كبيري,569619d2-0522-46bc-9c3e-f8e90b1d0ea6
عمر احمين,4eca1f5e-aa10-4a08-91bb-eccbb122487e
عمر الزراد,5c04b0d3-8384-4ecb-a5f4-a89907c9d54b
عمر الزعيم,05202ef6-5aac-4bc2-a54a-6ea8a18f9de6
عمر السنتيسي,4bde2084-8e35-4a26-bb0f-65cc185c6205
عمر بلافريج,504bbd76-b701-428b-aa18-85e7e78b7fdd
عمر بنيطوا,1c3d2d6a-14bf-406b-a425-ca66c583e0a3
عمر بومريس,5cc47522-d9f7-4a87-b490-90b2dbdc906c
عمر حجيرة,4bef2d51-8dee-4ec5-b191-10792cf4e3e2
عمر خفيف,65d0edf2-fe20-43b6-a776-8d798d1fa465
عمر عباسي,afc0b59a-a73e-4bc9-b6e1-eb8a8772072d
عمر فاسي فهري,6385a781-299b-4460-ac0e-386847fa6b5b
عمر كردودي,37918630-575a-41fd-9ba7-153ac8d32839
عمر ودي,5efa1e5e-1749-4464-98fe-5848bc5de2bf
عيسى امكيكي,2e0d4381-f173-4088-9020-def77866d0f1
غزلان مرزوقي,d33f0c1e-1f4a-4d7c-8e43-5ddce0c39bc4
غيثة آيت بن المدني,1a88b7da-6e2a-4507-96fe-716f84b2d145
غيثة الحاتمي,17b638bc-d603-430d-92af-b110a5321d56
غيثة بدرون,eecdc880-b085-48bc-842b-abc96d9d9679
فؤاد الدرقاوي,9e804554-c15a-42a6-998e-b4d2af4b38f4
فؤاد العماري,55c55262-8588-4ff8-8bf9-29926e53ff3e
فؤاد الغريب,68d348b8-f5fa-4ffe-8ab4-6a448fde1078
فؤاد حجير,0dcc6a76-4ea6-4776-a0fc-952dad79d58d
فاتحة شوباني,7fe570e7-00b4-4ddf-9482-2332166c2988
فاروق الطاهيري,115f1e34-971a-4d3d-af8b-5c79fef10a5e
فاطمة أهل لكرور,bc475127-745d-4da4-8e1d-2091f590847c
فاطمة اكعيمة,786e8b2d-4b34-4d12-904d-a14f0e46ef2c
فاطمة الزهراء المنصوري,f6f4f518-2a9a-4625-ad91-6384af473e41
فاطمة الزهراء برصات,44e7f246-c22d-44ff-814c-36cb1b122cc9
فاطمة الزهراء نزيه,e8c04c7c-a997-4d4e-906c-f4660c77187b
فاطمة الضعيف,546ed722-d9dd-49f9-b244-4e5c09097062
فاطمة الطوسي,81f36f13-01e9-4e3f-b4f1-18f3a90a96fc
فاطمة سعدي,31a8363c-2dc9-4601-b9d7-95976f50ee7b
فاطمة شاهو,caaea259-9a3a-41a7-94c4-83e02360febe
فاطمة طارق,a03cab30-ab9f-42a9-ac11-6fa95c2e7bd5
فاطنة الكحيل,4d24fcc7-7302-4133-b2ec-ff714bbf255a
فتيحة البقالي,d26e665d-96d2-4652-bcaa-3f6f8b71982e
فتيحة العيادي,9f3f9db7-2a90-449f-a45c-6217a6ec88e8
فتيحة سداس,d413abec-200d-4128-be8f-baf568c484b8
فتيحة مقنع,763feffc-21c3-4290-a5d8-604b7f138af9
فريد حرفي,33d1c70a-bc04-4e07-b4a5-2624d6acae67
فوزي الشعبي,39e4caf9-a5fb-4629-b418-65c54774f253
فوزية البيض,f80b1502-337a-4ab8-b11e-1f13cd05b753
فيصل الزرهوني,8b5be918-5dd4-45ff-bebd-0cf6e1a50740
قادة الكبير,f59e6192-ffae-4ae1-91a1-14f1ea65e75f
كجمولة ابي,2fa08e0e-5e04-4612-86ef-4adbe92df69e
كريم الزيادي,1b8b6e0b-a933-4c5a-990a-8db88d993565
كريم شاوي,935b0d63-1188-41bd-be64-5ee97f4e657c
كريم غلاب,0fd97776-ae76-4876-b2e7-753b456a2482
كمال العمري,03cb9df3-f65d-4c79-857d-312a937d91cd
كمال لعفو,ba7a1680-49e4-498f-b5d9-4a6134ae4404
كنزة الغالي,b2d7cf62-7900-4cfc-8084-33bb848177ff
لبنى الكحلي,bc8f90ff-2b5b-4f7a-8b49-678f3048d00e
لبنى امحير,5e5e76f6-89e2-4358-9586-3b81faac503e
لبنى طاهري,cd7615b4-2615-4341-98e0-b5abed376995
لحسن الداودي,a4802901-51fb-439c-ae35-e744056bcd38
لحسن السكوري,53dbeeca-c0e5-486e-935e-446bdcb00077
لحسن ايت اشو,04b44810-e26d-44d0-817f-8025e402de7c
لحسن بنواري,58eec1fc-e704-4449-aeda-e7a4d7f1a918
لحسن حداد,8aa0f2e8-688a-4b8e-b82b-926eae405b4b
لحسن واعري,db3f843c-5d68-4da4-bea2-f5070f256f25
لطيفة الحمود,a0fcd94b-5ba0-4db3-9373-fa5a905c8260
ليلى احكيم,33399f3e-5542-41cc-9842-9606feb50022
ماجدة بنعربية,d5da204c-22e0-4221-afa4-6885bbcc6a0d
مالكة خليل,4073acf0-6f54-4f67-9bf1-da0ac286ca91
مباركة صفا,12cf352f-7d49-43bf-b502-f8d5a913c805
محسن موفيدي,35fa3dcf-f9f0-42c1-a591-70383cb0c831
محسين الشعبي,b3fa7e89-19dd-4b1e-8d95-d8c6e5b463c6
محمد أبدرار,b26665a6-b8cd-4366-bdeb-bc012d18788d
محمد أحويط,113ba56f-2221-488d-82ee-4715f7a686bf
محمد أوريش,f9e1da36-e1e7-46b2-8754-82e5fcb0f9b3
محمد أوزين,3286995f-180a-4cda-b23d-cfdd79967885
محمد ابراهيمي,3335437b-a85e-497d-afc3-9365070c20be
محمد ابركان,41e76b4d-17ad-4d06-bf7e-0d1c3af046a1
محمد ابو الفراج,dc3ccf77-92f8-4e54-a3d4-ef2919fdde17
محمد اجبيل,f00bad3a-77f0-45fb-98f2-5dfb0e40c5de
محمد اجدية,faaabd71-2f33-45f9-a1c6-3d603b270e25
محمد احجيرة,e99d79d9-4d63-4a84-b9e5-2b72b75fffe0
محمد احرراد,bb1e3a14-9e32-470b-bec7-5cae89adea04
محمد اد موسى,6917594f-402e-445f-a43a-06c9106c397a
محمد ادعمار,7baab791-c98e-4ab0-be1f-85c124967bc3
محمد الأمين ديدي,aa6bd5f7-ab29-4386-b8ca-774fbc6a5058
محمد الإبراهيمي,44d4132f-c26d-4f37-943b-c8091ae2016f
محمد الاعرج,8e588306-d09a-4160-a594-d40be7635eb5
محمد الامين حرمة الله,db4d30c0-66d5-4d1f-8e8b-f98fac679e6e
محمد البكاوي,eeb464ed-1756-42c2-a2df-7575d6b40d6d
محمد الحارثي,94c5e077-2b61-481c-a85c-5cf398520629
محمد الحافظ,90b3a10d-5ec4-4943-87a1-f286ca2ea7ee
محمد الحبيب نازومي,0a82bb9a-c6c7-46bc-a02f-19742e89c94d
محمد الحجوجي,fba208d6-8f08-40ee-90dc-21138af490a7
محمد الحفياني,54a383f1-87c4-499b-bf6b-0ce184bef2c7
محمد الحمداوي,9ccbb745-8eaf-43d7-bbe8-2b98ee4c6859
محمد الحموتي,13f6ba85-7df7-474c-9829-11287624e5f9
محمد الدياز,63be6208-f680-43f0-8bc9-41dc8586dd05
محمد الرضى بنخلدون,368a4393-f3d6-4fa2-a87f-91ebae1ccd40
محمد الزموري,b3c9b264-bd6f-4d92-9743-42611ac59cc2
محمد الزهراوي,375cfc4e-be3c-495b-964b-a1ba15c8daca
محمد الزويتن,ca7b6062-9fa2-42eb-8b13-7c65d5d59fe9
محمد السلاسي,b5fa3337-9f58-4b68-8518-ff23fdc9bc91
محمد السليماني,b8a08ad1-620d-4ecc-ae4f-af9363a67243
محمد السملي,ec76725a-52f7-4153-8c26-40203a151538
محمد السيمو,527ae599-12e7-473a-beac-f0f2154cf8ab
محمد الطويل,0e5e161d-40a1-4eba-ac3f-ee660b09e7e8
محمد العثماني,fecec294-f709-472c-a1ed-4cacc7f939da
محمد العربي احنين,05880d99-f327-40a5-98c9-d893ecfe8c82
محمد العربي بلقائد,a30dc697-6c9e-4860-9a54-e33f1ec5cf5a
محمد العرقي,35c7cf92-7c6f-4da6-b3c6-c47903cd5b11
محمد الملاحي,cdb8ceb0-8e20-45ae-a9df-8ee9e7b55cbc
محمد المهدي الكنسوسي,4e825823-25a5-47ac-913c-44f212a779ce
محمد المهدي بنسعيد,98d584e5-2bdf-4683-bb11-67e9fd0da37c
محمد الهلالي,e570990b-09a2-466c-a165-1f0a9b1fd015
محمد امكراز,57391158-9ec2-4cc2-8bc9-02323b23d501
محمد باجالات,51da4538-b189-4102-b24a-6742b45d1183
محمد برنيشي,fc1ea29b-2a3a-449c-ab0d-5222d88f7523
محمد بلحسان,265d4361-96ec-43ec-88b9-f8e1e98e185a
محمد بلفقيه,2d510180-42bd-4579-9547-5acadf046f43
محمد بن عبد الصادق,954867fc-bc00-467a-a1f5-2580a2565eb6
محمد بنجلول,7f972a84-02e1-427d-ad22-645eb3d07ca4
محمد بنجلون التويمي,6769482e-eb92-476c-834b-0be172c8bd94
محمد بنعطية,59632e8f-f746-4226-add2-d1e2ef81904a
محمد بوبكر,19646c4e-3721-466b-86a0-c60cbadac65e
محمد بوداس,9f8d5a84-b5b9-421e-af18-385bd67898bc
محمد بودرا,136e33d3-daa0-496e-be15-e6ddfaa473f6
محمد بوشنيف,1327b937-b627-4aa7-9183-b2dd14095266
محمد بوغلام,c884ff64-b32c-4b91-8c48-c9a9e577f8a0
محمد بوهدود,aca09c86-1271-427e-8af6-28b87f8e1e20
محمد توفلة,f4702b4a-0a8a-4ea1-ba14-06a7efe8eed8
محمد جمال بوزيدي تيالي,40b2da5f-a9b7-41c1-8ef8-b7cf8bf33497
محمد جني,f55edb70-9cf7-4e51-9235-6ebf946e994a
محمد جودار,082203bb-8f02-4ebe-b977-26f38f347f6f
محمد حدادي,0f89c2c2-042c-4020-874f-3e0e549cbc1b
محمد حماني,41f95f70-a505-4937-b2d0-e45b7ed1f2ab
محمد حنين,41bd45dd-0993-43fc-871c-2261646980f2
محمد حيلية,03428aca-029d-4e96-bfea-9685728e4461
محمد خيري,4fa40dea-9457-46ee-a706-2ca1d224e0a0
محمد خيي,9b1274c4-fb17-491a-8255-cf911f57009e
محمد خيي الخمليشي,81eeb525-62d4-40e9-8f64-00d366b58d33
محمد دريسي,73f71a75-c7e8-40d1-affd-79cf373222b5
محمد زردالي,a27e0401-6927-47c8-ad71-f2fcadb41785
محمد زكراني,95d47089-1b1b-4b22-bb3a-08ed7d8071f4
محمد زكرياء ابن كيران,5984c632-7e2b-4557-be2f-59fd76b5ff92
محمد سالم البيهي,3675f8c6-1a0b-4cac-bb3c-c112b9abf320
محمد سعدون,d652323a-4849-4d7e-847a-c8bb729f8b72
محمد شرورو,cc5f2ad3-981b-4b30-ad4e-2787a3f5b842
محمد صبحي,95d59c80-1e36-4cf4-be2d-512539c38d27
محمد صديقي,9dda938e-9109-43d8-8600-7c680baeb66d
محمد عبو,5e234f01-b897-4876-8872-2ada88984a97
محمد عمر,78857788-57c2-406b-896e-6bce20c8045d
محمد غالم,14737c9f-3069-4d69-8696-4bf2a9a001cf
محمد فضلي,257b9d6d-cd42-4c52-9575-f513b6f00638
محمد قروق,808480ed-96fd-41f9-8590-4e71304baaca
محمد كاريم,783bea2e-2ccd-48b0-a922-b986e7a62450
محمد كريمين,d30e0a19-2fa4-4279-8369-d1adc5e8c263
محمد كمال العراقي,f05ccd25-4202-497d-930f-b65e7e66609d
محمد لحموش,13167ffc-c989-4003-80d9-a104b42f2184
محمد لشكر,4be7015f-022a-4248-a386-6a25c199d163
محمد لعسل,97d6e3d6-5acb-4bfc-9723-e781d8ab1f2f
محمد لعيدي,377641ac-fdd1-4357-a575-2361e22b21ce
محمد مبديع,296fec97-7f1a-4931-9cf1-0f4bdda446de
محمد مدهون,9eef68d0-4c5f-49c1-bf68-44d28b8733b4
محمد مرزوق,d4dc9371-563a-4d26-a745-50c03c298c41
محمد مستاوي,db2b2ba5-49c9-495d-b1df-01c7ed16f84b
محمد معايط,c828767e-491b-4bca-94f3-b56bb3386207
محمد مفضل,5386fc66-0a19-476d-933c-3298385c2002
محمد ملال,5c8e8a1e-1536-4af9-84a1-8ada8c922e21
محمد ناصر,6d55c110-1eaf-40eb-9c8f-65166731f6ac
محمد ناصر السبتي,44afc58c-b618-4ed5-a6d4-e8fd1dbd3898
محمد نجيب بوليف,85c12caf-9e5c-477a-9edc-ae62297ca65f
محمد نجيب عمور,8358216b-754e-4131-a61e-0cd05fa0ee1b
محمد يتيم,6524c574-e264-4a40-98bb-828a90e1585a
محمد يوسف,f6184e44-308a-450d-9972-36d237883ad5
محمود آمري,031fcf74-cbf1-42d7-aa2c-75fb63627cd8
مراد لكورش,820bcc98-a006-465a-8472-77e73fcb5c0a
مريم عالمي,423ab20f-7bee-4f0e-b09a-0cf2d1769eaf
مريم فرح,e854490c-1706-427c-90bf-8e8a17127ace
مريمة بوجمعة,c54edc2a-b724-47ed-9c68-a6d4be7a322e
مصطفى ابراهيمي,34cba563-6aa8-4c3a-99fa-0a79ab2771a1
مصطفى الحيا,b47cdd80-ec26-4b52-a6d0-d9cfd90b906d
مصطفى الخلفي,97ae9a93-c910-405f-a791-52c53d50c03a
مصطفى الرداد,08899428-c5be-4aa4-a18f-6650cfc62ecc
مصطفى العمري,3ac863eb-27b0-408b-92ff-1413cac71d44
مصطفى القوري,70efb6b7-2b4e-45e9-b791-b1cc9d6ea467
مصطفى الكردي,416bb19d-3f92-437b-bd16-07f980b5de30
مصطفى المنصوري,2474599c-74e1-4177-84fe-bec0f72c9ade
مصطفى بايتاس,f0b36148-52fa-4afb-aa91-b1a08cf574bf
مصطفى تضومانت,f79e8fb5-b136-4ba3-bbfe-8f9dc06f4613
مصطفى توتو,447c32eb-d882-4ae2-988d-f409bf153138
مصطفى حنين,aad8051c-f320-4f9e-b049-8e64102ec865
مصطفى زيتي,9f80cd49-3091-431f-b833-c1fafa00b9b7
مصطفى شناوي,f52f4ac8-b6c9-4613-ab84-50a927f821b6
منصور لمباركي,e438eb87-f39e-46ca-9bce-667d8f69988f
منية غولام,8a216447-337a-47c0-b76c-ccf341487d00
منيرة الرحوي,9b709f60-6010-4034-8b14-032e81048594
منينة المودن,9e08ee32-059d-46a1-8fec-f6f0b545e13d
مهدي عباد,8898a809-17a1-4547-905b-e2373d9edb2b
موح رجدالي,4219cdd7-4695-4479-be1f-d7dbd59c480c
موسى الغلاض,92ad87ef-09aa-41a5-af3f-77dcb3e8ef50
مولاي احمد سنوسي,3bc853f8-83da-493e-92f6-113322e5b851
مولاي البشير طوبا,f65ac508-81f3-4dc8-97c6-4560694ca6f4
مولاي حمدي ولد الرشيد,99478195-ea3b-417e-ba8e-9838cbf896f6
مولاي رشيد سليماني,7ddd6c64-5d23-4349-9735-128749bd8e17
مولود اجف,73fcc9e4-f9c1-47d5-9baf-d43eda89a55b
مولود بركايو,24ca9717-67f6-4bca-b0e6-e6391b579020
مولود علوات,7073245d-6aa8-44e8-a534-5f867e3fb2fb
مولود مهرية,e1a7ee2d-e367-4481-9ec1-a9f4489e4a9a
مونى أشريط,5038c6fa-175d-478e-aad9-5a79f398ac6f
ميلود آيت حمو,f82c3021-b0af-4870-b4d6-c5df8d2d2392
ميلودة حازب,9e867d4a-fe8f-4979-a491-a4cec10f273d
ميمون عميري,ec3733ad-718e-415e-a3f8-c296f8160fc0
ميمونة أفتاتي,1e256049-87aa-4cda-9204-c26b19826571
مينة الطالبي,8c7dfa98-dfe8-494a-8970-8fdc1177aa11
مينة بوهدود,5b93911c-17e5-4bfe-9224-3f21a062b9e0
مينة زنيبر,05765e84-de12-47b2-977d-db8a8bc80951
نادية العلوي,c3622877-45ec-4db2-a6d2-a2715d35abb9
ناعمة بهيش,748d5dd9-862b-459f-8f24-21dccbf56c79
نبيل صبري,49a861ba-83a6-46fb-aaee-1589fc18871c
نبيلة بنعمر,606dceef-be46-48e8-906c-95ddd9f02629
نجية لطفي,0be49593-224e-43f0-a647-e86d673c5ae5
نزهة الصقلي,cd5eaf78-9cae-4b8b-8d54-172f58f030db
نزهة الوفي,c214ea4f-8d3b-4555-9580-bddcdfd89338
نزهة اليازيدي,1181f1e9-de2a-45c0-9e69-f6e18201b618
نعيمة ابن يحيي,292f448c-81c7-48d0-84a7-6b973063d169
نعيمة بوشارب,3fc63530-bd79-462e-b819-95b9084ff770
نعيمة رباع,965ccdd3-fa06-45f8-83c2-7976f5c96004
نعيمة زيدان,e1dabb3a-428a-4b29-9ec0-2cc5432c431b
نعيمة فراح,f2c0e492-a4d9-4e31-abca-2e26420f085b
نوال المتوكل,5a43192d-7964-4bc8-ab31-85b603cf0d45
نور الدين الازرق,8ddae2ea-63dc-448a-b172-be7a6b592e09
نور الدين البركاني,c300f374-5416-4530-8a9d-44f60a9fe52b
نور الدين البيضي,56b5d69c-b943-4f8e-827c-a03509f56ed8
نور الدين العقاوي,85814f7e-5833-43d3-962d-eb8e18292478
نور الدين الهاروشي,d356bb0c-78c5-4c91-98a6-95c0b616e38d
نور الدين رفيق,9c2b2d20-0504-4e63-ae77-3f31113ff69f
نور الدين قشيبل,26198937-53a8-43bd-b13c-7c781ea8f5f1
نور الدين مضيان,ec30ab56-06c1-4ad2-8962-4f0343c48f54
نوفل الناصري,77c912d2-7394-4ceb-8c7d-1b66061a1ed6
نوفل شباط,d7e534cf-1abe-40da-bd11-179a0cc35433
هاجر المسقي,7ecee23d-bb3c-4b68-bc0e-b615d7c1480f
هاشم أمين الشفيق,5c5cd524-addc-41c5-a073-c7238a59df26
هشام المهاجري,c7ec7cfc-eaf2-4e98-8e17-c5ae9c510dcb
هشام سعنان,dc58ea28-f81b-4874-bfbf-c757e2846f62
هشام هرامي,4e14e39b-238b-4158-a35d-fdc942bf5ab3
وئام المحرشي,d07d0838-eb68-4f54-9e3b-7347444c7c0e
وبناصر خرموشي,140b6445-2778-40b0-be8d-2d202977b2c4
وديع بنعبد الله,f2100e66-c176-4c53-a1a1-007a27eb5ba5
وديع تينملالي,4b6af7c0-bd33-49f5-be2b-06c83c34dfaa
وفاء البقالي,6a03bc31-6da7-4c8c-bd54-a7474ff49653
ياسمينة بادو,4771f815-f028-481c-92be-e9471a1242f5
ياسير عادل,7275f284-28cf-4447-9633-0d0c16044a2b
ياسين احجام,88ebb974-2d66-406e-8858-f7b3563a0f29
ياسين الراضي,e97b4f74-78db-4b8a-8216-5d59238a52c5
ياسين دغو,5d310b2c-818d-4324-8601-7458628ee856
يوسف آيت الحاج لحسن,9caedbc3-c5e1-46c9-9a56-519f6baa4e0f
يوسف الرويجل,5f75fe67-f608-45e8-a9d5-538f1030e549
يوسف حدهم,76530399-b41b-47c1-ae96-f9b6781e225b
يوسف غربي,386b7fa5-fa4f-410b-91c2-b808bb20e3f9
يوسف هوار,cc8d13df-a159-4ab4-8fb2-4cead740bf74
يونس السكوري وبحسو,e7a34c97-ffb1-43b7-9417-e019e500d4a2
يونس بن سليمان,a4ceeb7e-5cb9-4b06-b0e7-cece355fe677
يونس مفتاح,da8f4af2-3808-4927-9007-73c24f941aec
