id,uuid
Terrance_Ollivierre,1f90b1ae-21cf-459b-b741-39b6f6e5152e
Daniel_Cummings,32936582-4834-4e44-b5f1-c60117f6bf0a
Ralph_Gonsalves,40ed4cd7-79b1-4789-826e-45ace6197ac8
StClair_Leacock,47925525-cf78-40bf-b942-42e113c6edb4
Saboto_Caesar,47ed3128-6f1a-421a-91e9-177a2cff4497
Arnhim_Eustace,4930e794-7e60-4616-beaf-2f63c8ad2494
Frederick_Stephenson,4c1db7da-4a6f-4349-aea3-9e0f2581c317
Cecil_McKie,5db70689-04a6-49ef-978d-0aad7d9fe9ef
Godwin_Friday,66298001-64e9-4e50-a38a-65082a98de62
Montgomery_Daniel,9cd1cae9-8a41-4014-b909-dad5aeac9c56
Nigel_Stephenson,c5086523-89ef-443d-a7b4-083a9f13c5d6
Roland_Matthews,d43d8fbe-5eb4-42aa-b754-3e5affd552e7
Camillo_Gonsalves,bb8a662c-1857-4c53-9e13-b6f0fbf32558
Louis_Straker,5b359092-da8b-436a-8c00-65e638a73808
StClair_Prince,452fc2f9-9240-47c2-a237-ccfd4a047977
