id,image
100,http://parliament.gov.sy/SD08/msf/1432535328_.png
101,http://parliament.gov.sy/SD08/msf/1432535231_.png
102,http://parliament.gov.sy/SD08/msf/1432535125_.png
103,http://parliament.gov.sy/SD08/msf/1432535031_.png
104,http://parliament.gov.sy/SD08/msf/1432534898_.png
105,http://parliament.gov.sy/SD08/msf/1432534712_.png
106,http://parliament.gov.sy/SD08/msf/1432534611_.png
107,http://parliament.gov.sy/SD08/msf/1432534511_.png
108,http://parliament.gov.sy/SD08/msf/1432534423_.png
109,http://parliament.gov.sy/SD08/msf/1432534205_.png
110,http://parliament.gov.sy/SD08/msf/1432534055_.png
111,http://parliament.gov.sy/SD08/msf/1432533986_.png
112,http://parliament.gov.sy/SD08/msf/1432533891_.png
113,http://parliament.gov.sy/SD08/msf/1432533754_.png
114,http://parliament.gov.sy/SD08/msf/1432533688_.png
115,http://parliament.gov.sy/SD08/msf/1432533578_.png
116,http://parliament.gov.sy/SD08/msf/1432533513_.png
117,http://parliament.gov.sy/SD08/msf/1432533448_.png
118,http://parliament.gov.sy/SD08/msf/1432533372_.png
119,http://parliament.gov.sy/SD08/msf/1432533272_.png
120,http://parliament.gov.sy/SD08/msf/1432466412_.png
121,http://parliament.gov.sy/SD08/msf/1432466240_.png
122,http://parliament.gov.sy/SD08/msf/1432466179_.png
123,http://parliament.gov.sy/SD08/msf/1432466084_.png
124,http://parliament.gov.sy/SD08/msf/1432465897_.png
125,http://parliament.gov.sy/SD08/msf/1432463988_.png
126,http://parliament.gov.sy/SD08/msf/1432463775_.png
127,http://parliament.gov.sy/SD08/msf/1432463610_.png
128,http://parliament.gov.sy/SD08/msf/1432463505_.png
129,http://parliament.gov.sy/SD08/msf/1432463377_.png
130,http://parliament.gov.sy/SD08/msf/1432463265_.png
131,http://parliament.gov.sy/SD08/msf/1432463099_.png
132,http://parliament.gov.sy/SD08/msf/1432463042_.png
133,http://parliament.gov.sy/SD08/msf/1432462988_.png
134,http://parliament.gov.sy/SD08/msf/1432462887_.png
135,http://parliament.gov.sy/SD08/msf/1432462781_.png
136,http://parliament.gov.sy/SD08/msf/1432462726_.png
137,http://parliament.gov.sy/SD08/msf/1432462569_.png
138,http://parliament.gov.sy/SD08/msf/1432462495_.png
139,http://parliament.gov.sy/SD08/msf/1432462419_.png
140,http://parliament.gov.sy/SD08/msf/1432462128_.png
141,http://parliament.gov.sy/SD08/msf/1432462072_.png
142,http://parliament.gov.sy/SD08/msf/1432462011_.png
143,http://parliament.gov.sy/SD08/msf/1432461928_.png
144,http://parliament.gov.sy/SD08/msf/1432461847_.png
145,http://parliament.gov.sy/SD08/msf/1432461778_.png
146,http://parliament.gov.sy/SD08/msf/1432461718_.png
147,http://parliament.gov.sy/SD08/msf/1432461592_.png
148,http://parliament.gov.sy/SD08/msf/1432460898_.png
149,http://parliament.gov.sy/SD08/msf/1432460842_.png
150,http://parliament.gov.sy/SD08/msf/1432460771_.png
151,http://parliament.gov.sy/SD08/msf/1432460676_.png
152,http://parliament.gov.sy/SD08/msf/1432460574_.png
153,http://parliament.gov.sy/SD08/msf/1432459137_.png
154,http://parliament.gov.sy/SD08/msf/1432458996_.png
155,http://parliament.gov.sy/SD08/msf/1432458828_.png
156,http://parliament.gov.sy/SD08/msf/1432457963_.png
157,http://parliament.gov.sy/SD08/msf/1432457744_.png
158,http://parliament.gov.sy/SD08/msf/1432457616_.png
159,http://parliament.gov.sy/SD08/msf/1432457348_.png
160,http://parliament.gov.sy/SD08/msf/1432457092_.png
161,http://parliament.gov.sy/SD08/msf/1432456981_.png
162,http://parliament.gov.sy/SD08/msf/1432456906_.png
163,http://parliament.gov.sy/SD08/msf/1432456829_.png
164,http://parliament.gov.sy/SD08/msf/1432456768_.png
165,http://parliament.gov.sy/SD08/msf/1432456655_.png
166,http://parliament.gov.sy/SD08/msf/1432456425_.png
167,http://parliament.gov.sy/SD08/msf/1432454445_.png
168,http://parliament.gov.sy/SD08/msf/1432454087_.png
169,http://parliament.gov.sy/SD08/msf/1432453956_.png
170,http://parliament.gov.sy/SD08/msf/1432453799_.png
171,http://parliament.gov.sy/SD08/msf/1432453699_.png
172,http://parliament.gov.sy/SD08/msf/1432453559_.png
174,http://parliament.gov.sy/SD08/msf/1430299212_.png
175,http://parliament.gov.sy/SD08/msf/1430299080_.png
176,http://parliament.gov.sy/SD08/msf/1430298927_.png
177,http://parliament.gov.sy/SD08/msf/1430298798_.png
178,http://parliament.gov.sy/SD08/msf/1430298652_.png
179,http://parliament.gov.sy/SD08/msf/1430298091_.png
180,http://parliament.gov.sy/SD08/msf/1430298008_.png
181,http://parliament.gov.sy/SD08/msf/1430297850_.png
182,http://parliament.gov.sy/SD08/msf/1430297748_.png
183,http://parliament.gov.sy/SD08/msf/1430297666_.png
184,http://parliament.gov.sy/SD08/msf/1431505483_.png
185,http://parliament.gov.sy/SD08/msf/1430297518_.png
186,http://parliament.gov.sy/SD08/msf/1430297415_.png
187,http://parliament.gov.sy/SD08/msf/1430297308_.png
188,http://parliament.gov.sy/SD08/msf/1430297216_.png
189,http://parliament.gov.sy/SD08/msf/1430297136_.png
190,http://parliament.gov.sy/SD08/msf/1430296111_.png
192,http://parliament.gov.sy/SD08/msf/1430295967_.png
193,http://parliament.gov.sy/SD08/msf/1430295862_.png
194,http://parliament.gov.sy/SD08/msf/1430295805_.png
195,http://parliament.gov.sy/SD08/msf/1430295734_.png
196,http://parliament.gov.sy/SD08/msf/1430295652_.png
197,http://parliament.gov.sy/SD08/msf/1430294861_.png
198,http://parliament.gov.sy/SD08/msf/1430293936_.png
199,http://parliament.gov.sy/SD08/msf/1430293314_.png
200,http://parliament.gov.sy/SD08/msf/1430292872_.png
201,http://parliament.gov.sy/SD08/msf/1430292780_.png
202,http://parliament.gov.sy/SD08/msf/1430292636_.png
203,http://parliament.gov.sy/SD08/msf/1430292546_.png
204,http://parliament.gov.sy/SD08/msf/1430292391_.png
205,http://parliament.gov.sy/SD08/msf/1431505247_.png
206,http://parliament.gov.sy/SD08/msf/1430215859_.png
207,http://parliament.gov.sy/SD08/msf/1430215754_.png
208,http://parliament.gov.sy/SD08/msf/1430215685_.png
209,http://parliament.gov.sy/SD08/msf/1430215606_.png
210,http://parliament.gov.sy/SD08/msf/1430215432_.png
211,http://parliament.gov.sy/SD08/msf/1430215352_.png
212,http://parliament.gov.sy/SD08/msf/1430215267_.png
213,http://parliament.gov.sy/SD08/msf/1430214401_.png
214,http://parliament.gov.sy/SD08/msf/1431505586_.png
215,http://parliament.gov.sy/SD08/msf/1430213199_.png
216,http://parliament.gov.sy/SD08/msf/1430213128_.png
217,http://parliament.gov.sy/SD08/msf/1430212975_.png
218,http://parliament.gov.sy/SD08/msf/1430201188_.png
219,http://parliament.gov.sy/SD08/msf/1430200210_.png
220,http://parliament.gov.sy/SD08/msf/1430200148_.png
221,http://parliament.gov.sy/SD08/msf/1430200082_.png
222,http://parliament.gov.sy/SD08/msf/1430200016_.png
223,http://parliament.gov.sy/SD08/msf/1430199933_.png
224,http://parliament.gov.sy/SD08/msf/1430199852_.png
225,http://parliament.gov.sy/SD08/msf/1430199413_.png
226,http://parliament.gov.sy/SD08/msf/1430133741_.png
227,http://parliament.gov.sy/SD08/msf/1430133649_.png
228,http://parliament.gov.sy/SD08/msf/1430133572_.png
229,http://parliament.gov.sy/SD08/msf/1430133479_.png
230,http://parliament.gov.sy/SD08/msf/1430133402_.png
232,http://parliament.gov.sy/SD08/msf/1430133316_.png
233,http://parliament.gov.sy/SD08/msf/1430133236_.png
234,http://parliament.gov.sy/SD08/msf/1430133175_.png
235,http://parliament.gov.sy/SD08/msf/1430133118_.png
236,http://parliament.gov.sy/SD08/msf/1430133012_.png
237,http://parliament.gov.sy/SD08/msf/1430132563_.png
238,http://parliament.gov.sy/SD08/msf/1430132271_.png
239,http://parliament.gov.sy/SD08/msf/1430132182_.png
241,http://parliament.gov.sy/SD08/msf/1430130849_.png
243,http://parliament.gov.sy/SD08/msf/1430130699_.png
244,http://parliament.gov.sy/SD08/msf/1430130569_.png
245,http://parliament.gov.sy/SD08/msf/1430130474_.png
246,http://parliament.gov.sy/SD08/msf/1430130333_.png
247,http://parliament.gov.sy/SD08/msf/1430130239_.png
248,http://parliament.gov.sy/SD08/msf/1430130102_.png
250,http://parliament.gov.sy/SD08/msf/1430129623_.png
251,http://parliament.gov.sy/SD08/msf/1430129505_.png
252,http://parliament.gov.sy/SD08/msf/1430129023_.png
253,http://parliament.gov.sy/SD08/msf/1430128922_.png
254,http://parliament.gov.sy/SD08/msf/1430128781_.png
255,http://parliament.gov.sy/SD08/msf/1430128666_.png
256,http://parliament.gov.sy/SD08/msf/1430128467_.png
257,http://parliament.gov.sy/SD08/msf/1430128389_.png
258,http://parliament.gov.sy/SD08/msf/1430128217_.png
259,http://parliament.gov.sy/SD08/msf/1430128134_.png
260,http://parliament.gov.sy/SD08/msf/1430128042_.png
261,http://parliament.gov.sy/SD08/msf/1430127969_.png
262,http://parliament.gov.sy/SD08/msf/1430127454_.png
263,http://parliament.gov.sy/SD08/msf/1430127357_.png
264,http://parliament.gov.sy/SD08/msf/1430126955_.png
265,http://parliament.gov.sy/SD08/msf/1431504976_.png
266,http://parliament.gov.sy/SD08/msf/1430126420_.png
267,http://parliament.gov.sy/SD08/msf/1430125969_.png
268,http://parliament.gov.sy/SD08/msf/1430125767_.png
269,http://parliament.gov.sy/SD08/msf/1430119175_.png
270,http://parliament.gov.sy/SD08/msf/1430119089_.png
271,http://parliament.gov.sy/SD08/msf/1430119030_.png
272,http://parliament.gov.sy/SD08/msf/1430118886_.png
273,http://parliament.gov.sy/SD08/msf/1430118815_.png
274,http://parliament.gov.sy/SD08/msf/1430118569_.png
275,http://parliament.gov.sy/SD08/msf/1430118499_.png
276,http://parliament.gov.sy/SD08/msf/1421665028_.jpg
277,http://parliament.gov.sy/SD08/msf/1430118318_.png
278,http://parliament.gov.sy/SD08/msf/1430118240_.png
279,http://parliament.gov.sy/SD08/msf/1430049155_.png
280,http://parliament.gov.sy/SD08/msf/1430047929_.png
281,http://parliament.gov.sy/SD08/msf/1430043357_.png
282,http://parliament.gov.sy/SD08/msf/1430042653_.png
283,http://parliament.gov.sy/SD08/msf/1430042532_.png
284,http://parliament.gov.sy/SD08/msf/1430042388_.png
285,http://parliament.gov.sy/SD08/msf/1430042274_.png
286,http://parliament.gov.sy/SD08/msf/1430042188_.png
287,http://parliament.gov.sy/SD08/msf/1430042082_.png
288,http://parliament.gov.sy/SD08/msf/1430041994_.png
289,http://parliament.gov.sy/SD08/msf/1430041897_.png
290,http://parliament.gov.sy/SD08/msf/1430041816_.png
291,http://parliament.gov.sy/SD08/msf/1430041549_.png
292,http://parliament.gov.sy/SD08/msf/1430041441_.png
293,http://parliament.gov.sy/SD08/msf/1430041244_.png
294,http://parliament.gov.sy/SD08/msf/1430041145_.png
295,http://parliament.gov.sy/SD08/msf/1430041055_.png
296,http://parliament.gov.sy/SD08/msf/1430040926_.png
297,http://parliament.gov.sy/SD08/msf/1430040761_.png
298,http://parliament.gov.sy/SD08/msf/1430040487_.png
299,http://parliament.gov.sy/SD08/msf/1430039751_.png
300,http://parliament.gov.sy/SD08/msf/1430038932_.png
301,http://parliament.gov.sy/SD08/msf/1430038099_.png
302,http://parliament.gov.sy/SD08/msf/1430037668_.png
303,http://parliament.gov.sy/SD08/msf/1421746465_.jpg
304,http://parliament.gov.sy/SD08/msf/1430036414_.png
305,http://parliament.gov.sy/SD08/msf/1430036320_.png
306,http://parliament.gov.sy/SD08/msf/1430035934_.png
307,http://parliament.gov.sy/SD08/msf/1430035658_.png
308,http://parliament.gov.sy/SD08/msf/1430035198_.png
309,http://parliament.gov.sy/SD08/msf/1431505111_.png
310,http://parliament.gov.sy/SD08/msf/1430034932_.png
311,http://parliament.gov.sy/SD08/msf/1430034837_.png
312,http://parliament.gov.sy/SD08/msf/1430034515_.png
313,http://parliament.gov.sy/SD08/msf/1421749315_.jpg
314,http://parliament.gov.sy/SD08/msf/1421753138_.jpg
315,http://parliament.gov.sy/SD08/msf/1430034076_.png
316,http://parliament.gov.sy/SD08/msf/1429790078_.png
317,http://parliament.gov.sy/SD08/msf/1429789826_.png
318,http://parliament.gov.sy/SD08/msf/1429789691_.png
319,http://parliament.gov.sy/SD08/msf/1429789577_.png
320,http://parliament.gov.sy/SD08/msf/1429789420_.png
321,http://parliament.gov.sy/SD08/msf/1429789178_.png
322,http://parliament.gov.sy/SD08/msf/1429789009_.png
323,http://parliament.gov.sy/SD08/msf/1429788914_.png
324,http://parliament.gov.sy/SD08/msf/1421754634_.jpg
325,http://parliament.gov.sy/SD08/msf/1421754919_.jpg
326,http://parliament.gov.sy/SD08/msf/1421755207_.jpg
327,http://parliament.gov.sy/SD08/msf/1429701135_.png
332,http://parliament.gov.sy/SD08/msf/1434363648_.png
48,http://parliament.gov.sy/SD08/msf/1408043739_.jpg
49,http://parliament.gov.sy/SD08/msf/1432539623_.png
50,http://parliament.gov.sy/SD08/msf/1407276514_.jpg
56,http://parliament.gov.sy/SD08/msf/1432539472_.png
57,http://parliament.gov.sy/SD08/msf/1432539379_.png
58,http://parliament.gov.sy/SD08/msf/1432539300_.png
59,http://parliament.gov.sy/SD08/msf/1432539179_.png
60,http://parliament.gov.sy/SD08/msf/1432539097_.png
61,http://parliament.gov.sy/SD08/msf/1432539007_.png
62,http://parliament.gov.sy/SD08/msf/1432538914_.png
65,http://parliament.gov.sy/SD08/msf/1432538828_.png
73,http://parliament.gov.sy/SD08/msf/1432538594_.png
76,http://parliament.gov.sy/SD08/msf/1432538529_.png
77,http://parliament.gov.sy/SD08/msf/1432538419_.png
78,http://parliament.gov.sy/SD08/msf/1432538308_.png
79,http://parliament.gov.sy/SD08/msf/1432538282_.png
80,http://parliament.gov.sy/SD08/msf/1432538186_.png
81,http://parliament.gov.sy/SD08/msf/1432537470_.png
82,http://parliament.gov.sy/SD08/msf/1432537356_.png
83,http://parliament.gov.sy/SD08/msf/1432537181_.png
84,http://parliament.gov.sy/SD08/msf/1432537109_.png
85,http://parliament.gov.sy/SD08/msf/1436262812_.png
86,http://parliament.gov.sy/SD08/msf/1432536835_.png
87,http://parliament.gov.sy/SD08/msf/1432536773_.png
88,http://parliament.gov.sy/SD08/msf/1432536618_.png
89,http://parliament.gov.sy/SD08/msf/1432536501_.png
90,http://parliament.gov.sy/SD08/msf/1432536427_.png
91,http://parliament.gov.sy/SD08/msf/1432536322_.png
92,http://parliament.gov.sy/SD08/msf/1432536225_.png
93,http://parliament.gov.sy/SD08/msf/1432536076_.png
94,http://parliament.gov.sy/SD08/msf/1432535929_.png
95,http://parliament.gov.sy/SD08/msf/1432535846_.png
96,http://parliament.gov.sy/SD08/msf/1432535771_.png
97,http://parliament.gov.sy/SD08/msf/1432535634_.png
98,http://parliament.gov.sy/SD08/msf/1432535494_.png
99,http://parliament.gov.sy/SD08/msf/1432535407_.png
