parlparse_id,facebook
uk.org.publicwhip/person/11929,http://www.facebook.com/adam.afriyie.7
uk.org.publicwhip/person/11599,http://www.facebook.com/holloway.adam
uk.org.publicwhip/person/10683,http://www.facebook.com/AdrianBaileywestbromwichwest
uk.org.publicwhip/person/10086,http://www.facebook.com/AlanCampbellMP
uk.org.publicwhip/person/10179,http://www.facebook.com/SirAlanDuncan
uk.org.publicwhip/person/25285,http://www.facebook.com/AlanMakHavant
uk.org.publicwhip/person/11185,http://www.facebook.com/AlanReidAandB
uk.org.publicwhip/person/10630,http://www.facebook.com/alanwhiteheadmp
uk.org.publicwhip/person/11402,http://www.facebook.com/Alasdair.McDonnellSB
uk.org.publicwhip/person/25413,http://www.facebook.com/AlbertoCostaOfficial
uk.org.publicwhip/person/24893,http://www.facebook.com/alec.shelbrooke
uk.org.publicwhip/person/25340,http://www.facebook.com/alexchalkchelt
uk.org.publicwhip/person/24742,http://www.facebook.com/AlexCunninghamMP
uk.org.publicwhip/person/10525,http://www.facebook.com/AlexSalmond
uk.org.publicwhip/person/24897,http://www.facebook.com/alisonmcgovernforwirralsouth
uk.org.publicwhip/person/25327,http://www.facebook.com/AlisonThewlissSNP
uk.org.publicwhip/person/10770,http://www.facebook.com/AlistairBurtforNEBedfordshire
uk.org.publicwhip/person/24902,http://www.facebook.com/AlokSharmaRDG
uk.org.publicwhip/person/24740,http://www.facebook.com/aluncairns
uk.org.publicwhip/person/25350,http://www.facebook.com/amanda.milling
uk.org.publicwhip/person/25436,http://www.facebook.com/pages/Amanda-Solloway-Derby-North/120624774790466
uk.org.publicwhip/person/24795,http://www.facebook.com/amberruddofficial
uk.org.publicwhip/person/24829,http://www.facebook.com/andrealeadsom
uk.org.publicwhip/person/10222,http://www.facebook.com/Andrew.George.Cornwall
uk.org.publicwhip/person/24826,http://www.facebook.com/agriffithsofficial
uk.org.publicwhip/person/11531,http://www.facebook.com/GwynneMP
uk.org.publicwhip/person/11132,http://www.facebook.com/andrew.murrison
uk.org.publicwhip/person/24832,http://www.facebook.com/andrewpercy4mp
uk.org.publicwhip/person/11199,http://www.facebook.com/AndrewRosindellofficial
uk.org.publicwhip/person/11559,http://www.facebook.com/andy4hammersmith
uk.org.publicwhip/person/25169,http://www.facebook.com/AndyMcDonaldMP
uk.org.publicwhip/person/25295,http://www.facebook.com/AngelaCrawleySNP
uk.org.publicwhip/person/10182,http://www.facebook.com/angela4labour
uk.org.publicwhip/person/25429,http://www.facebook.com/people/Angela-Rayner/100008057625447
uk.org.publicwhip/person/12004,http://www.facebook.com/AngusBMacNeil
uk.org.publicwhip/person/11189,http://www.facebook.com/AngusRobertsonSNP
uk.org.publicwhip/person/25313,http://www.facebook.com/Anna4Redcar
uk.org.publicwhip/person/24912,http://www.facebook.com/annemarie.morris.mp
uk.org.publicwhip/person/11603,http://www.facebook.com/AnneMiltonGuildford
uk.org.publicwhip/person/25363,http://www.facebook.com/antoinetteofficial
uk.org.publicwhip/person/10061,http://www.facebook.com/BenPBradshaw
uk.org.publicwhip/person/25334,http://www.facebook.com/Ben4Bath
uk.org.publicwhip/person/11668,http://www.facebook.com/benwallaceofficial
uk.org.publicwhip/person/24905,http://www.facebook.com/BillEsterson4SeftonCentral
uk.org.publicwhip/person/24945,http://www.facebook.com/bobblackmanofficial
uk.org.publicwhip/person/24907,http://www.facebook.com/Bob-Stewart-1431412443820085
uk.org.publicwhip/person/10999,http://www.facebook.com/borisjohnson
uk.org.publicwhip/person/24879,http://www.facebook.com/BrandonKennethLewis
uk.org.publicwhip/person/25370,http://www.facebook.com/BrendanOHaraSNP
uk.org.publicwhip/person/24709,http://www.facebook.com/bridgetphillipson
uk.org.publicwhip/person/25400,http://www.facebook.com/CallumMcCaigSNP
uk.org.publicwhip/person/25406,http://www.facebook.com/CarolMonaghanSNP
uk.org.publicwhip/person/24873,http://www.facebook.com/Caroline4Gosport
uk.org.publicwhip/person/10202,http://www.facebook.com/CarolineFlintMP
uk.org.publicwhip/person/24910,http://www.facebook.com/carolinelucas.page
uk.org.publicwhip/person/24809,http://www.facebook.com/carolinenokes4RSN
uk.org.publicwhip/person/25308,http://www.facebook.com/CarolynHarrisMPSwanseaEast
uk.org.publicwhip/person/25432,http://www.facebook.com/catsmithmp
uk.org.publicwhip/person/24818,http://www.facebook.com/CatMcKinnell
uk.org.publicwhip/person/25328,http://www.facebook.com/pages/Catherine-West-for-Hornsey-Wood-Green/522395934483552
uk.org.publicwhip/person/24891,http://www.facebook.com/CharlotteLeslieMP
uk.org.publicwhip/person/10228,http://www.facebook.com/cherylgillanmp
uk.org.publicwhip/person/24691,http://www.facebook.com/pages/Chloe-Smith-MP/1509476925970053
uk.org.publicwhip/person/10761,http://www.facebook.com/Chris4Rhondda
uk.org.publicwhip/person/25282,http://www.facebook.com/ChrisDaviesBR
uk.org.publicwhip/person/10920,http://www.facebook.com/Chris.Grayling.Official
uk.org.publicwhip/person/25359,http://www.facebook.com/ChrisGreenMP
uk.org.publicwhip/person/25154,http://www.facebook.com/chris.hazzard.77
uk.org.publicwhip/person/24841,http://www.facebook.com/chhcalling
uk.org.publicwhip/person/25270,http://www.facebook.com/ChrisLawSNP
uk.org.publicwhip/person/10354,http://www.facebook.com/ChrisLeslieMP
uk.org.publicwhip/person/25411,http://www.facebook.com/Chrismathesonforchester
uk.org.publicwhip/person/25377,http://www.facebook.com/chris.philp.official
uk.org.publicwhip/person/24713,http://www.facebook.com/chrisskidmoreofficial
uk.org.publicwhip/person/25306,http://www.facebook.com/ChrisStephensSNP
uk.org.publicwhip/person/24959,http://www.facebook.com/chriswhitewarwickandleamington
uk.org.publicwhip/person/24830,http://www.facebook.com/chriswilliamsonlabour
uk.org.publicwhip/person/25332,http://www.facebook.com/ChrisReesLabour
uk.org.publicwhip/person/24747,http://www.facebook.com/ChristopherPincher
uk.org.publicwhip/person/24950,http://www.facebook.com/ChukaUmunna
uk.org.publicwhip/person/10045,http://www.facebook.com/clive.betts.sheffieldse
uk.org.publicwhip/person/10185,http://www.facebook.com/clive.efford
uk.org.publicwhip/person/25356,http://www.facebook.com/labourclivelewis
uk.org.publicwhip/person/25423,http://www.facebook.com/ConorMcGinnMP
uk.org.publicwhip/person/25401,http://www.facebook.com/CorriWilsonSNP
uk.org.publicwhip/person/25437,http://www.facebook.com/mackinlay4souththanet
uk.org.publicwhip/person/25290,http://www.facebook.com/craig4nwarks
uk.org.publicwhip/person/10051,http://www.facebook.com/crispinbluntreigate
uk.org.publicwhip/person/24744,http://www.facebook.com/damiancollinsofficial
uk.org.publicwhip/person/10241,http://www.facebook.com/DamianGreenOfficial
uk.org.publicwhip/person/24782,http://www.facebook.com/damian.hinds
uk.org.publicwhip/person/25067,http://www.facebook.com/DanJarvisMP
uk.org.publicwhip/person/11513,http://www.facebook.com/danrogerson
uk.org.publicwhip/person/11817,http://www.facebook.com/daniel4shrews
uk.org.publicwhip/person/25386,http://www.facebook.com/Daniel-Zeichner-MP-373041482865096
uk.org.publicwhip/person/24684,http://www.facebook.com/DannyKinahanUUP
uk.org.publicwhip/person/11573,http://www.facebook.com/davidburrowesofficial
uk.org.publicwhip/person/10141,http://www.facebook.com/david.crausby.mp
uk.org.publicwhip/person/11719,http://www.facebook.com/davidtcdavies
uk.org.publicwhip/person/11408,http://www.facebook.com/DavidAEvennett
uk.org.publicwhip/person/10259,http://www.facebook.com/DavidHansonDelyn
uk.org.publicwhip/person/10678,http://www.facebook.com/DavidLammyTottenham
uk.org.publicwhip/person/10361,http://www.facebook.com/david.lidington.aylesbury
uk.org.publicwhip/person/24966,http://www.facebook.com/davidmorrisml
uk.org.publicwhip/person/24932,http://www.facebook.com/DavidMowatWS
uk.org.publicwhip/person/24877,http://www.facebook.com/NuttallforBuryNorth
uk.org.publicwhip/person/24820,http://www.facebook.com/david.rutley.1
uk.org.publicwhip/person/25372,http://www.facebook.com/DavidWarburtonSomertonAndFrome
uk.org.publicwhip/person/11447,http://www.facebook.com/DawnButlerBrent
uk.org.publicwhip/person/25336,http://www.facebook.com/DeidreBrockSNP
uk.org.publicwhip/person/10544,http://www.facebook.com/dennisskinnermp
uk.org.publicwhip/person/25440,http://www.facebook.com/derekthomas.org
uk.org.publicwhip/person/10580,http://www.facebook.com/Desmond.Swayne
uk.org.publicwhip/person/10001,http://www.facebook.com/Dianeabbott
uk.org.publicwhip/person/25305,http://www.facebook.com/DougChapmanSNP
uk.org.publicwhip/person/25382,http://www.facebook.com/DrewHendrySNP
uk.org.publicwhip/person/11545,http://www.facebook.com/EdMiliband
uk.org.publicwhip/person/24812,http://www.facebook.com/DrEilidhWhiteford
uk.org.publicwhip/person/10348,http://www.facebook.com/eleanor.laing.1
uk.org.publicwhip/person/24941,http://www.facebook.com/ElizabethTrussSWNorfolk
uk.org.publicwhip/person/11656,http://www.facebook.com/Emily-Thornberry-142202379163151
uk.org.publicwhip/person/25181,http://www.facebook.com/emma.lewellbuckmp
uk.org.publicwhip/person/24868,http://www.facebook.com/EmmaReynoldsMP
uk.org.publicwhip/person/24967,http://www.facebook.com/ericollerenshawofficial
uk.org.publicwhip/person/10256,http://www.facebook.com/fabian.hamilton
uk.org.publicwhip/person/24803,http://www.facebook.com/gareth.johnson.735
uk.org.publicwhip/person/10593,http://www.facebook.com/GarethThomas4ClwydWest
uk.org.publicwhip/person/10594,http://www.facebook.com/GarethThomasMP
uk.org.publicwhip/person/24863,http://www.facebook.com/backbarwell
uk.org.publicwhip/person/25291,http://www.facebook.com/GavinNewlandsSNP
uk.org.publicwhip/person/25280,http://www.facebook.com/GRobinsonDUP
uk.org.publicwhip/person/24847,http://www.facebook.com/GavinShukerMP
uk.org.publicwhip/person/24729,http://www.facebook.com/gavinforsouthstaffs
uk.org.publicwhip/person/10119,http://www.facebook.com/geoffreycliftonbrown
uk.org.publicwhip/person/10506,http://www.facebook.com/grobinsonmp
uk.org.publicwhip/person/24817,http://www.facebook.com/GeorgeFreemanMidNorfolk
uk.org.publicwhip/person/10218,http://www.facebook.com/OfficialGeorgeGalloway
uk.org.publicwhip/person/24936,http://www.facebook.com/george.hollingbery
uk.org.publicwhip/person/10159,http://www.facebook.com/GeraintDaviesMP
uk.org.publicwhip/person/25289,http://www.facebook.com/GeraldJonesLabour
uk.org.publicwhip/person/24811,http://www.facebook.com/gloriadepieroforashfield
uk.org.publicwhip/person/24739,http://www.facebook.com/glyndaviesmont
uk.org.publicwhip/person/24793,http://www.facebook.com/gordonforburnley
uk.org.publicwhip/person/24828,http://www.facebook.com/vote4gordonhenderson
uk.org.publicwhip/person/10415,http://www.facebook.com/GordonMarsden4BlackpoolSouth
uk.org.publicwhip/person/10062,http://www.facebook.com/voteforAltSaleWest
uk.org.publicwhip/person/24883,http://www.facebook.com/grahamevans
uk.org.publicwhip/person/24835,http://www.facebook.com/grahampjonesmp
uk.org.publicwhip/person/11406,http://www.facebook.com/grahamstuart62
uk.org.publicwhip/person/24715,http://www.facebook.com/grahame.morris
uk.org.publicwhip/person/11917,http://www.facebook.com/grant.shapps
uk.org.publicwhip/person/11610,http://www.facebook.com/greghandschelseafulham
uk.org.publicwhip/person/11672,http://www.facebook.com/gregmulhollandLNW
uk.org.publicwhip/person/10780,http://www.facebook.com/gregory.campbell.549
uk.org.publicwhip/person/24736,http://www.facebook.com/GutoAberconwy
uk.org.publicwhip/person/25409,http://www.facebook.com/hannah.bardell.5
uk.org.publicwhip/person/24785,http://www.facebook.com/harriettbaldwin
uk.org.publicwhip/person/24769,http://www.facebook.com/heatherwheeler4southderbyshire
uk.org.publicwhip/person/24953,http://www.facebook.com/pages/Heidi-Alexander-MP/460236504027731
uk.org.publicwhip/person/11421,http://www.facebook.com/helengoodmanBA
uk.org.publicwhip/person/10319,http://www.facebook.com/HelenJonesMP
uk.org.publicwhip/person/25398,http://www.facebook.com/hwhately
uk.org.publicwhip/person/10669,http://www.facebook.com/hilarybenn4leedscentral
uk.org.publicwhip/person/25426,http://www.facebook.com/HuwMerrimanBexhillBattle
uk.org.publicwhip/person/11323,http://www.facebook.com/HywelWilliamsASMP
uk.org.publicwhip/person/10180,http://www.facebook.com/iainduncansmith.org
uk.org.publicwhip/person/24947,http://www.facebook.com/iain.stewartmp
uk.org.publicwhip/person/11553,http://www.facebook.com/IanAustinMP
uk.org.publicwhip/person/25361,http://www.facebook.com/IanBlackford.SNP
uk.org.publicwhip/person/24963,http://www.facebook.com/IanLaveryMP
uk.org.publicwhip/person/11048,http://www.facebook.com/ianliddellgrainger
uk.org.publicwhip/person/11057,http://www.facebook.com/ian4wrexham
uk.org.publicwhip/person/24872,http://www.facebook.com/IanMurrayMP
uk.org.publicwhip/person/10357,http://www.facebook.com/ivan.lewis.54
uk.org.publicwhip/person/24825,http://www.facebook.com/JackDromeyMPforErdington
uk.org.publicwhip/person/24716,http://www.facebook.com/jackloprestiofficial
uk.org.publicwhip/person/24957,http://www.facebook.com/jackiedp
uk.org.publicwhip/person/24926,http://www.facebook.com/JacobReesMogg
uk.org.publicwhip/person/24860,http://www.facebook.com/jakeberryofficial
uk.org.publicwhip/person/25312,http://www.facebook.com/votejamesberry
uk.org.publicwhip/person/11640,http://www.facebook.com/jpbrokenshire
uk.org.publicwhip/person/25414,http://www.facebook.com/james4southsuffolk
uk.org.publicwhip/person/25376,http://www.facebook.com/james.cleverly
uk.org.publicwhip/person/25292,http://www.facebook.com/jamesdaviesofficial
uk.org.publicwhip/person/11785,http://www.facebook.com/jamespduddridge
uk.org.publicwhip/person/10240,http://www.facebook.com/jamesgraymp
uk.org.publicwhip/person/25438,http://www.facebook.com/jheappey
uk.org.publicwhip/person/24855,http://www.facebook.com/JamesMorrisHRR
uk.org.publicwhip/person/24719,http://www.facebook.com/JaneEllison.net
uk.org.publicwhip/person/25366,http://www.facebook.com/jeffsmithforwithington
uk.org.publicwhip/person/10172,http://www.facebook.com/jeffrey.donaldson1
uk.org.publicwhip/person/24711,http://www.facebook.com/JennyForDarlington
uk.org.publicwhip/person/10133,http://www.facebook.com/pages/Jeremy-Corbyn/330250343871
uk.org.publicwhip/person/11859,http://www.facebook.com/jeremyhuntsws
uk.org.publicwhip/person/24760,http://www.facebook.com/JeremyLefroyMP
uk.org.publicwhip/person/25417,http://www.facebook.com/JeremyQuinOfficial
uk.org.publicwhip/person/11791,http://www.facebook.com/JeremyWright2015
uk.org.publicwhip/person/25364,http://www.facebook.com/jessphillipsyardley
uk.org.publicwhip/person/24827,http://www.facebook.com/jesse.norman.hereford
uk.org.publicwhip/person/11732,http://www.facebook.com/JessMorden
uk.org.publicwhip/person/10147,http://www.facebook.com/jimforcoventrysouth
uk.org.publicwhip/person/10199,http://www.facebook.com/JimFitzMP
uk.org.publicwhip/person/13864,http://www.facebook.com/Jim-Shannon-MP-477928115581090
uk.org.publicwhip/person/25408,http://www.facebook.com/JoChurchillOfficial
uk.org.publicwhip/person/24895,http://www.facebook.com/jo.johnson.75457081
uk.org.publicwhip/person/25304,http://www.facebook.com/JoStevensLabour
uk.org.publicwhip/person/11971,http://www.facebook.com/joswinson
uk.org.publicwhip/person/25404,http://www.facebook.com/JoannaCherryMP
uk.org.publicwhip/person/24839,http://www.facebook.com/johnglenmp
uk.org.publicwhip/person/10248,http://www.facebook.com/JohnGroganforKeighley
uk.org.publicwhip/person/10268,http://www.facebook.com/johnhealeymp
uk.org.publicwhip/person/14026,http://www.facebook.com/JohnLamontBorders
uk.org.publicwhip/person/11093,http://www.facebook.com/people/John-Mann/692612493
uk.org.publicwhip/person/10383,http://www.facebook.com/johnmcdonnellmp
uk.org.publicwhip/person/25271,http://www.facebook.com/JohnMcNallySNP
uk.org.publicwhip/person/25281,http://www.facebook.com/JohnNicolsonSNP
uk.org.publicwhip/person/11924,http://www.facebook.com/john.penrose.37
uk.org.publicwhip/person/10499,http://www.facebook.com/john.redwood.official
uk.org.publicwhip/person/10558,http://www.facebook.com/johnspellar
uk.org.publicwhip/person/10632,http://www.facebook.com/johnwhittingdale4maldon
uk.org.publicwhip/person/24837,http://www.facebook.com/jzwoodcock
uk.org.publicwhip/person/25367,http://www.facebook.com/JohnnyForPlymouth
uk.org.publicwhip/person/25120,http://www.facebook.com/JonAshworth
uk.org.publicwhip/person/10828,http://www.facebook.com/JonCruddas
uk.org.publicwhip/person/10604,http://www.facebook.com/jon.trickett
uk.org.publicwhip/person/10854,http://www.facebook.com/JonathanDjanogly
uk.org.publicwhip/person/24929,http://www.facebook.com/JonathanreynoldsMP
uk.org.publicwhip/person/25393,http://www.facebook.com/JudithCumminsMP
uk.org.publicwhip/person/10065,http://www.facebook.com/brazierj
uk.org.publicwhip/person/24961,http://www.facebook.com/juliansmithofficial
uk.org.publicwhip/person/25283,http://www.facebook.com/julieelizabethcooper
uk.org.publicwhip/person/24710,http://www.facebook.com/JulieElliottSunderland
uk.org.publicwhip/person/25378,http://www.facebook.com/justinmaddersforepn
uk.org.publicwhip/person/24870,http://www.facebook.com/justintomlinsonofficial
uk.org.publicwhip/person/11771,http://www.facebook.com/justinegreening.co.uk
uk.org.publicwhip/person/24725,http://www.facebook.com/votekarenbradley
uk.org.publicwhip/person/10075,http://www.facebook.com/KarenBuck4WN
uk.org.publicwhip/person/25390,http://www.facebook.com/KarinSmythMP
uk.org.publicwhip/person/24790,http://www.facebook.com/KarlMcCartneyLincoln
uk.org.publicwhip/person/24767,http://www.facebook.com/karlturner4easthull
uk.org.publicwhip/person/24896,http://www.facebook.com/kate.green.773
uk.org.publicwhip/person/10282,http://www.facebook.com/katehoey.vauxhall
uk.org.publicwhip/person/25298,http://www.facebook.com/katehollernforblackburn
uk.org.publicwhip/person/25365,http://www.facebook.com/KateOsamor
uk.org.publicwhip/person/25353,http://www.facebook.com/KeirStarmerLabour
uk.org.publicwhip/person/10115,http://www.facebook.com/people/Kenneth-Clarke/100014955601354
uk.org.publicwhip/person/11455,http://www.facebook.com/kerry4mp
uk.org.publicwhip/person/11003,http://www.facebook.com/Kevan4NDurham
uk.org.publicwhip/person/10027,http://www.facebook.com/kevinbarronforrothervalley
uk.org.publicwhip/person/10753,http://www.facebook.com/kevinbrennanpage
uk.org.publicwhip/person/25338,http://www.facebook.com/KevinforTorbay
uk.org.publicwhip/person/25415,http://www.facebook.com/kevin.hollinrake
uk.org.publicwhip/person/25314,http://www.facebook.com/aberdeennorth
uk.org.publicwhip/person/25346,http://www.facebook.com/kit.malthouse
uk.org.publicwhip/person/24770,http://www.facebook.com/Kwasi-Kwarteng-4-Spelthorne-107861645918705
uk.org.publicwhip/person/11360,http://www.facebook.com/LiamByrneHodgeHill
uk.org.publicwhip/person/10213,http://www.facebook.com/drliamfox
uk.org.publicwhip/person/24774,http://www.facebook.com/liliangreenwood4labour
uk.org.publicwhip/person/10295,http://www.facebook.com/LindsayHoyle4Chorley
uk.org.publicwhip/person/25276,http://www.facebook.com/lisacameronsnp
uk.org.publicwhip/person/24831,http://www.facebook.com/Lisa-Nandy-194243072092
uk.org.publicwhip/person/24816,http://www.facebook.com/LabourLiz
uk.org.publicwhip/person/25230,http://www.facebook.com/people/Liz-McInnes/100004821421412
uk.org.publicwhip/person/25302,http://www.facebook.com/LizSavilleRoberts
uk.org.publicwhip/person/25357,http://www.facebook.com/Haigh4Heeley
uk.org.publicwhip/person/25399,http://www.facebook.com/FrazerLucy
uk.org.publicwhip/person/25165,http://www.facebook.com/lucy4mcr
uk.org.publicwhip/person/25373,http://www.facebook.com/LukeHallThornburyandYate
uk.org.publicwhip/person/11450,http://www.facebook.com/madeleine.moon
uk.org.publicwhip/person/25371,http://www.facebook.com/MaggieThroup2017
uk.org.publicwhip/person/25384,http://www.facebook.com/MarcusFyshForYeovil
uk.org.publicwhip/person/24745,http://www.facebook.com/MarcusJones4Nuneaton
uk.org.publicwhip/person/25287,http://www.facebook.com/MargaretFerrierSNP
uk.org.publicwhip/person/25349,http://www.facebook.com/margaretgreenwoodww
uk.org.publicwhip/person/10281,http://www.facebook.com/MargaretHodgeBarking
uk.org.publicwhip/person/13856,http://www.facebook.com/margaretritchiesdlp
uk.org.publicwhip/person/24876,http://www.facebook.com/margotjamesofficial
uk.org.publicwhip/person/25397,http://www.facebook.com/mariacaulfieldlewes
uk.org.publicwhip/person/10183,http://www.facebook.com/mariaeaglelabour
uk.org.publicwhip/person/25321,http://www.facebook.com/MarieRimmer
uk.org.publicwhip/person/25277,http://www.facebook.com/marionfellows
uk.org.publicwhip/person/11589,http://www.facebook.com/mark.durkan.18
uk.org.publicwhip/person/10884,http://www.facebook.com/MarkFieldUK
uk.org.publicwhip/person/10901,http://www.facebook.com/people/Mark-Francois/100005377215025
uk.org.publicwhip/person/11588,http://www.facebook.com/mark.harper.fod
uk.org.publicwhip/person/10682,http://www.facebook.com/hendrick4preston
uk.org.publicwhip/person/11715,http://www.facebook.com/marklancaster4mk
uk.org.publicwhip/person/24804,http://www.facebook.com/fyldeca
uk.org.publicwhip/person/24880,http://www.facebook.com/Mark4Rugby
uk.org.publicwhip/person/11172,http://www.facebook.com/pages/Mark-Prisk/113369558673199
uk.org.publicwhip/person/24824,http://www.facebook.com/markrtgarnier
uk.org.publicwhip/person/24909,http://www.facebook.com/MarkSpencerSherwood
uk.org.publicwhip/person/25275,http://www.facebook.com/MartinDochertySNP
uk.org.publicwhip/person/25307,http://www.facebook.com/MartynDaySNP
uk.org.publicwhip/person/24913,http://www.facebook.com/MaryMacleod
uk.org.publicwhip/person/25405,http://www.facebook.com/MaryRobinson01
uk.org.publicwhip/person/25395,http://www.facebook.com/WarmanforBostonSkegness
uk.org.publicwhip/person/24773,http://www.facebook.com/matthancockofficial
uk.org.publicwhip/person/24955,http://www.facebook.com/matthewofford4hendon
uk.org.publicwhip/person/11605,http://www.facebook.com/Meg4Hackney
uk.org.publicwhip/person/25317,http://www.facebook.com/Melanie4Grimsby
uk.org.publicwhip/person/25269,http://www.facebook.com/Mhairi.Black.SNP
uk.org.publicwhip/person/24866,http://www.facebook.com/MichaelEllisNorthampton
uk.org.publicwhip/person/10193,http://www.facebook.com/michael.fabricant
uk.org.publicwhip/person/10194,http://www.facebook.com/michaelfallon7oaks
uk.org.publicwhip/person/11858,http://www.facebook.com/MichaelGove2017
uk.org.publicwhip/person/25422,http://www.facebook.com/michael4MDNP
uk.org.publicwhip/person/11312,http://www.facebook.com/MikeWeirSNP
uk.org.publicwhip/person/25316,http://www.facebook.com/MichelleDonelanChippenham
uk.org.publicwhip/person/13893,http://www.facebook.com/mickey.brady.52
uk.org.publicwhip/person/24934,http://www.facebook.com/mikefreerofficial
uk.org.publicwhip/person/10219,http://www.facebook.com/mikegapesmp
uk.org.publicwhip/person/25220,http://www.facebook.com/mikekanemp
uk.org.publicwhip/person/11626,http://www.facebook.com/Penning4Hemel
uk.org.publicwhip/person/25362,http://www.facebook.com/mike4dudleysouth
uk.org.publicwhip/person/25330,http://www.facebook.com/Mims4Eastleigh
uk.org.publicwhip/person/24822,http://www.facebook.com/NadhimZahawi
uk.org.publicwhip/person/25385,http://www.facebook.com/NazShahMP
uk.org.publicwhip/person/24840,http://www.facebook.com/neilcarmichaelstroud
uk.org.publicwhip/person/25326,http://www.facebook.com/NeilCoyleMP
uk.org.publicwhip/person/25293,http://www.facebook.com/NeilGraySNP
uk.org.publicwhip/person/24779,http://www.facebook.com/Neil-Parish-165344071283
uk.org.publicwhip/person/11692,http://www.facebook.com/NiaGriffithMP
uk.org.publicwhip/person/24766,http://www.facebook.com/nickbolesmp
uk.org.publicwhip/person/24798,http://www.facebook.com/NicDakin4MP
uk.org.publicwhip/person/11812,http://www.facebook.com/nickclegg
uk.org.publicwhip/person/10225,http://www.facebook.com/nickgibbofficial
uk.org.publicwhip/person/10262,http://www.facebook.com/nick4northdevon
uk.org.publicwhip/person/11377,http://www.facebook.com/NickHerbertMP
uk.org.publicwhip/person/24728,http://www.facebook.com/NickSmithforBlaenauGwent
uk.org.publicwhip/person/25279,http://www.facebook.com/people/Nick-Thomas-Symonds/100009320769349
uk.org.publicwhip/person/24859,http://www.facebook.com/nick.debois.71
uk.org.publicwhip/person/24732,http://www.facebook.com/NickyMorgan
uk.org.publicwhip/person/24878,http://www.facebook.com/nigeladams2017
uk.org.publicwhip/person/10190,http://www.facebook.com/nigelmp
uk.org.publicwhip/person/25381,http://www.facebook.com/NigelHuddlestonOfficial
uk.org.publicwhip/person/24965,http://www.facebook.com/nigelmillsofficial
uk.org.publicwhip/person/11032,http://www.facebook.com/NormanLambLibDem
uk.org.publicwhip/person/25354,http://www.facebook.com/NusGhaniofficial
uk.org.publicwhip/person/24898,http://www.facebook.com/olivercolvileconservative
uk.org.publicwhip/person/25323,http://www.facebook.com/oliverdowdenhertsmere
uk.org.publicwhip/person/10355,http://www.facebook.com/Oliver-Letwin-1571628762849292
uk.org.publicwhip/person/10473,http://www.facebook.com/owen.paterson.94
uk.org.publicwhip/person/24797,http://www.facebook.com/owensmithmp
uk.org.publicwhip/person/25278,http://www.facebook.com/OwenThompsonSNP
uk.org.publicwhip/person/25300,http://www.facebook.com/PatriciaGibsonSNP
uk.org.publicwhip/person/25299,http://www.facebook.com/PatrickGradySNP
uk.org.publicwhip/person/10041,http://www.facebook.com/SirPaulBeresford
uk.org.publicwhip/person/24943,http://www.facebook.com/paulblomfieldmp
uk.org.publicwhip/person/10882,http://www.facebook.com/PaulFarrelly4Newcastle
uk.org.publicwhip/person/10203,http://www.facebook.com/PaulFlynn2017
uk.org.publicwhip/person/13904,http://www.facebook.com/sfpaulmaskeymp
uk.org.publicwhip/person/24764,http://www.facebook.com/paulmaynardBNC
uk.org.publicwhip/person/25339,http://www.facebook.com/DrPaulMonaghanSNP
uk.org.publicwhip/person/25331,http://www.facebook.com/scullyforsutton
uk.org.publicwhip/person/24886,http://www.facebook.com/PaulSUppal
uk.org.publicwhip/person/24821,http://www.facebook.com/pauline.latham.31
uk.org.publicwhip/person/24938,http://www.facebook.com/PennyMordauntMP
uk.org.publicwhip/person/11333,http://www.facebook.com/PeteWishartPerth
uk.org.publicwhip/person/24904,http://www.facebook.com/peteraldouswaveney
uk.org.publicwhip/person/11915,http://www.facebook.com/PeterBoneOfficial
uk.org.publicwhip/person/10057,http://www.facebook.com/sirpeterbottomleyofficial
uk.org.publicwhip/person/25309,http://www.facebook.com/PeterDowdBootle
uk.org.publicwhip/person/25273,http://www.facebook.com/petergrantsnp
uk.org.publicwhip/person/25412,http://www.facebook.com/PeterNorthDevon
uk.org.publicwhip/person/25418,http://www.facebook.com/hoveandportslade
uk.org.publicwhip/person/25315,http://www.facebook.com/PhilBoswellSNP
uk.org.publicwhip/person/13933,http://www.facebook.com/PhilWilsonMP
uk.org.publicwhip/person/11696,http://www.facebook.com/Dunne4Ludlow
uk.org.publicwhip/person/25318,http://www.facebook.com/PhilippaWhitfordSNP
uk.org.publicwhip/person/24765,http://www.facebook.com/DrPhillipLeeBracknell
uk.org.publicwhip/person/25433,http://www.facebook.com/rachaelmaskell4york
uk.org.publicwhip/person/24851,http://www.facebook.com/rachelreeves10
uk.org.publicwhip/person/25419,http://www.facebook.com/tellranil
uk.org.publicwhip/person/24731,http://www.facebook.com/rebeccaharris4castlepoint
uk.org.publicwhip/person/25368,http://www.facebook.com/rebecca.longbailey
uk.org.publicwhip/person/25407,http://www.facebook.com/RebeccaPow
uk.org.publicwhip/person/24920,http://www.facebook.com/RehmanChishti
uk.org.publicwhip/person/25351,http://www.facebook.com/RichardArklessSNP
uk.org.publicwhip/person/10707,http://www.facebook.com/Bacon4SouthNorfolk
uk.org.publicwhip/person/11727,http://www.facebook.com/richardbenyonmp
uk.org.publicwhip/person/10076,http://www.facebook.com/richardburden4northfield
uk.org.publicwhip/person/25391,http://www.facebook.com/RichardBurgonForEastLeeds
uk.org.publicwhip/person/24903,http://www.facebook.com/draxmp2017
uk.org.publicwhip/person/24787,http://www.facebook.com/RichardFullerBedford
uk.org.publicwhip/person/24921,http://www.facebook.com/richard4gloucester
uk.org.publicwhip/person/24954,http://www.facebook.com/RichardHarringtonWatford
uk.org.publicwhip/person/25428,http://www.facebook.com/rishisunak
uk.org.publicwhip/person/11843,http://www.facebook.com/RobFlelloStokeSouth
uk.org.publicwhip/person/11773,http://www.facebook.com/RobWilsonRDG
uk.org.publicwhip/person/24843,http://www.facebook.com/robertbucklandmp
uk.org.publicwhip/person/24784,http://www.facebook.com/RobertHalfon
uk.org.publicwhip/person/25227,http://www.facebook.com/RobertJenrickNewark
uk.org.publicwhip/person/11558,http://www.facebook.com/robertablackmanwoodsmp
uk.org.publicwhip/person/24862,http://www.facebook.com/Walker4Worcester
uk.org.publicwhip/person/10217,http://www.facebook.com/north.thanet.roger.gale
uk.org.publicwhip/person/10231,http://www.facebook.com/rogergodsiff
uk.org.publicwhip/person/25286,http://www.facebook.com/roger.mullin1
uk.org.publicwhip/person/25288,http://www.facebook.com/RonnieCowanSNP
uk.org.publicwhip/person/24964,http://www.facebook.com/RoryStewartPenrith
uk.org.publicwhip/person/11667,http://www.facebook.com/Rosie4WestLancs
uk.org.publicwhip/person/10648,http://www.facebook.com/DoncasterLabour
uk.org.publicwhip/person/25345,http://www.facebook.com/roystonsmithsoton
uk.org.publicwhip/person/25284,http://www.facebook.com/rupa4labour
uk.org.publicwhip/person/24958,http://www.facebook.com/pages/Rushanara-Ali/37684209618
uk.org.publicwhip/person/25343,http://www.facebook.com/RuthCadburywin2017
uk.org.publicwhip/person/25435,http://www.facebook.com/ruthsmeethmp
uk.org.publicwhip/person/24854,http://www.facebook.com/sajidjavidbromsgrove
uk.org.publicwhip/person/24789,http://www.facebook.com/GyimahforEastSurrey
uk.org.publicwhip/person/25168,http://www.facebook.com/sarahforrotherham
uk.org.publicwhip/person/24948,http://www.facebook.com/SarahNewtonTandF
uk.org.publicwhip/person/24761,http://www.facebook.com/drsarahwollaston
uk.org.publicwhip/person/25383,http://www.facebook.com/TherightMANNforNorthCornwall
uk.org.publicwhip/person/25389,http://www.facebook.com/seema.kennedy.conservative
uk.org.publicwhip/person/25150,http://www.facebook.com/SeemaMalhotraMP
uk.org.publicwhip/person/11592,http://www.facebook.com/Sharon.Hodgson.MP
uk.org.publicwhip/person/24875,http://www.facebook.com/sheryllmurrayuk
uk.org.publicwhip/person/24808,http://www.facebook.com/SimonDanczuk
uk.org.publicwhip/person/24813,http://www.facebook.com/simon.hart.737
uk.org.publicwhip/person/25427,http://www.facebook.com/simonhoarenorthdorset
uk.org.publicwhip/person/10298,http://www.facebook.com/bermondseysimon
uk.org.publicwhip/person/24900,http://www.facebook.com/kirbys
uk.org.publicwhip/person/10381,http://www.facebook.com/SiobhainMcDonagh1
uk.org.publicwhip/person/24949,http://www.facebook.com/stellacreasy
uk.org.publicwhip/person/24916,http://www.facebook.com/stevebarclayofficial
uk.org.publicwhip/person/11768,http://www.facebook.com/StephenCrabbPembs
uk.org.publicwhip/person/25166,http://www.facebook.com/StephenDoughtyMP
uk.org.publicwhip/person/25324,http://www.facebook.com/StephenGethinsSNP
uk.org.publicwhip/person/11927,http://www.facebook.com/stephenhammond.net
uk.org.publicwhip/person/25297,http://www.facebook.com/StephenKinnock
uk.org.publicwhip/person/24754,http://www.facebook.com/StephenLloydEBN
uk.org.publicwhip/person/24888,http://www.facebook.com/StephenMcPartland
uk.org.publicwhip/person/10596,http://www.facebook.com/stephenctimms
uk.org.publicwhip/person/10611,http://www.facebook.com/stephen.twigg.31
uk.org.publicwhip/person/11458,http://www.facebook.com/stephen.williams.mp
uk.org.publicwhip/person/25410,http://www.facebook.com/stevedouble2015
uk.org.publicwhip/person/10377,http://www.facebook.com/stevemccabemp
uk.org.publicwhip/person/25170,http://www.facebook.com/stevereedmp
uk.org.publicwhip/person/25296,http://www.facebook.com/StevenPatersonSNP
uk.org.publicwhip/person/25126,http://www.facebook.com/scdickson
uk.org.publicwhip/person/11973,http://www.facebook.com/StewartHosieSNP
uk.org.publicwhip/person/25322,http://www.facebook.com/StewartMcDonaldSNP
uk.org.publicwhip/person/24864,http://www.facebook.com/StuartAndrewPudsey
uk.org.publicwhip/person/25425,http://www.facebook.com/StuartDonaldsonSNP
uk.org.publicwhip/person/25301,http://www.facebook.com/pages/Stuart-McDonald-For-Cumbernauld-Kilsyth-Kirkintilloch-East/981195631909269
uk.org.publicwhip/person/25358,http://www.facebook.com/LabourSueHayman
uk.org.publicwhip/person/25272,http://www.facebook.com/SuellaFernandesOfficial
uk.org.publicwhip/person/24720,http://www.facebook.com/susan4clwydsouth
uk.org.publicwhip/person/10958,http://www.facebook.com/northdownmp
uk.org.publicwhip/person/24956,http://www.facebook.com/TeresaPearce2017
uk.org.publicwhip/person/25402,http://www.facebook.com/debbonaire
uk.org.publicwhip/person/10426,http://www.facebook.com/TheresaMayOfficial
uk.org.publicwhip/person/11500,http://www.facebook.com/theresavillierscb
uk.org.publicwhip/person/24771,http://www.facebook.com/ThereseCoffey
uk.org.publicwhip/person/25374,http://www.facebook.com/thomas.tugendhat
uk.org.publicwhip/person/11923,http://www.facebook.com/timfarronmp
uk.org.publicwhip/person/10371,http://www.facebook.com/TimLoughtonEWAS
uk.org.publicwhip/person/11437,http://www.facebook.com/TobiasEllwood
uk.org.publicwhip/person/24845,http://www.facebook.com/TobyPerkins4Chesterfield
uk.org.publicwhip/person/10063,http://www.facebook.com/brake
uk.org.publicwhip/person/25387,http://www.facebook.com/TomPursgloveOfficial
uk.org.publicwhip/person/11309,http://www.facebook.com/tom.watson.uk
uk.org.publicwhip/person/25341,http://www.facebook.com/TommySheppardSNP
uk.org.publicwhip/person/10367,http://www.facebook.com/TonyLloydMP
uk.org.publicwhip/person/24871,http://www.facebook.com/TraceyCrouch2015
uk.org.publicwhip/person/25344,http://www.facebook.com/tulipsiddiq
uk.org.publicwhip/person/24852,http://www.facebook.com/ValerieVazMP
uk.org.publicwhip/person/10121,http://www.facebook.com/VernonCoaker
uk.org.publicwhip/person/25380,http://www.facebook.com/VickyFoxcroftLabour
uk.org.publicwhip/person/25424,http://www.facebook.com/VictoriaAtkinsOfficial
uk.org.publicwhip/person/25420,http://www.facebook.com/victoriaprentis
uk.org.publicwhip/person/10084,http://www.facebook.com/VinceCableForTwickenham
uk.org.publicwhip/person/13934,http://www.facebook.com/virendrasharmamp
uk.org.publicwhip/person/10842,http://www.facebook.com/Wayne-David-for-Caerphilly-269724690159468
uk.org.publicwhip/person/25342,http://www.facebook.com/morton.wendy
uk.org.publicwhip/person/25403,http://www.facebook.com/willquincecolchester
uk.org.publicwhip/person/24775,http://www.facebook.com/yasminqureshiuk
uk.org.publicwhip/person/10131,http://www.facebook.com/YvetteCooperMP
uk.org.publicwhip/person/24805,http://www.facebook.com/YvonneFovargue4Makerfield
uk.org.publicwhip/person/24911,http://www.facebook.com/ZacGoldsmith
